2024-08-19 16:58:54,TAG,0010,-27,ff:ff:10:d5:4d:85,0,1036
2024-08-19 16:58:54,TAG,000e,-54,ff:ff:10:d5:4d:85,0,1800
2024-08-19 16:58:55,TAG,000d,-44,ff:ff:10:d5:4d:85,0,1725
2024-08-19 16:58:55,HEARTBEAT,0010,,,0,1037
2024-08-19 16:58:55,TAG,000d,-42,ff:ff:10:d5:6f:2f,0,1726
2024-08-19 16:58:55,TAG,0010,-26,ff:ff:10:d5:4d:85,0,1038
2024-08-19 16:58:56,TAG,000d,-44,ff:ff:10:d5:4d:85,0,1727
2024-08-19 16:58:56,TAG,000e,-55,ff:ff:10:d5:4d:85,0,1801
2024-08-19 16:58:56,TAG,0010,-41,ff:ff:10:d5:6f:2f,0,1039
2024-08-19 16:58:56,TAG,000e,-46,ff:ff:10:d5:6f:2f,0,1802
2024-08-19 16:58:56,TAG,000d,-43,ff:ff:10:d5:6f:2f,0,1728
2024-08-19 16:58:57,HEARTBEAT,0010,,,0,1040
2024-08-19 16:58:57,TAG,0010,-28,ff:ff:10:d5:4d:85,0,1041
2024-08-19 16:58:57,TAG,000e,-45,ff:ff:10:d5:4d:85,0,1803
2024-08-19 16:58:57,TAG,000d,-45,ff:ff:10:d5:4d:85,0,1729
2024-08-19 16:58:58,TAG,0010,-46,ff:ff:10:d5:6f:2f,0,1042
2024-08-19 16:58:58,TAG,000d,-43,ff:ff:10:d5:6f:2f,0,1730
2024-08-19 16:58:58,TAG,000e,-42,ff:ff:10:d5:6f:2f,0,1804
2024-08-19 16:58:59,TAG,0010,-27,ff:ff:10:d5:4d:85,0,1043
2024-08-19 16:58:59,TAG,000e,-45,ff:ff:10:d5:4d:85,0,1805
2024-08-19 16:58:59,TAG,000d,-46,ff:ff:10:d5:4d:85,0,1731
2024-08-19 16:59:00,HEARTBEAT,0010,,,0,1044
2024-08-19 16:59:00,TAG,0010,-44,ff:ff:10:d5:6f:2f,0,1045
2024-08-19 16:59:00,TAG,000e,-43,ff:ff:10:d5:6f:2f,0,1806
2024-08-19 16:59:01,TAG,000d,-43,ff:ff:10:d5:6f:2f,0,1732
2024-08-19 16:59:01,TAG,0010,-26,ff:ff:10:d5:4d:85,0,1046
2024-08-19 16:59:01,TAG,000d,-44,ff:ff:10:d5:4d:85,0,1733
2024-08-19 16:59:02,TAG,000e,-47,ff:ff:10:d5:4d:85,0,1807
2024-08-19 16:59:02,TAG,0010,-41,ff:ff:10:d5:6f:2f,0,1047
2024-08-19 16:59:02,TAG,000d,-40,ff:ff:10:d5:6f:2f,0,1734
2024-08-19 16:59:03,HEARTBEAT,0010,,,0,1048
2024-08-19 16:59:03,TAG,0010,-26,ff:ff:10:d5:4d:85,0,1049
2024-08-19 16:59:03,TAG,000d,-42,ff:ff:10:d5:4d:85,0,1735
2024-08-19 16:59:03,TAG,000e,-45,ff:ff:10:d5:4d:85,0,1808
2024-08-19 16:59:04,TAG,000d,-42,ff:ff:10:d5:6f:2f,0,1736
2024-08-19 16:59:05,TAG,000e,-43,ff:ff:10:d5:6f:2f,0,1809
2024-08-19 16:59:05,TAG,0010,-27,ff:ff:10:d5:4d:85,0,1050
2024-08-19 16:59:05,TAG,000e,-46,ff:ff:10:d5:4d:85,0,1810
2024-08-19 16:59:06,TAG,000d,-42,ff:ff:10:d5:4d:85,0,1737
2024-08-19 16:59:06,HEARTBEAT,0010,,,0,1051
2024-08-19 16:59:06,TAG,000d,-40,ff:ff:10:d5:6f:2f,0,1738
2024-08-19 16:59:07,TAG,000d,-45,ff:ff:10:d5:4d:85,0,1739
2024-08-19 16:59:08,TAG,000e,-47,ff:ff:10:d5:4d:85,0,1811
2024-08-19 16:59:08,TAG,0010,-45,ff:ff:10:d5:6f:2f,0,1052
2024-08-19 16:59:08,TAG,000d,-42,ff:ff:10:d5:6f:2f,0,1740
2024-08-19 16:59:09,HEARTBEAT,0010,,,0,1053
2024-08-19 16:59:09,TAG,0010,-26,ff:ff:10:d5:4d:85,0,1054
2024-08-19 16:59:09,TAG,000e,-58,ff:ff:10:d5:4d:85,0,1812
2024-08-19 16:59:10,TAG,000d,-43,ff:ff:10:d5:4d:85,0,1741
2024-08-19 16:59:10,TAG,0010,-45,ff:ff:10:d5:6f:2f,0,1055
2024-08-19 16:59:10,TAG,000e,-48,ff:ff:10:d5:6f:2f,0,1813
2024-08-19 16:59:11,TAG,0010,-25,ff:ff:10:d5:4d:85,0,1056
2024-08-19 16:59:11,TAG,000d,-45,ff:ff:10:d5:4d:85,0,1742
2024-08-19 16:59:12,HEARTBEAT,0010,,,0,1057
2024-08-19 16:59:12,TAG,0010,-44,ff:ff:10:d5:6f:2f,0,1058
2024-08-19 16:59:12,TAG,000e,-42,ff:ff:10:d5:6f:2f,0,1814
2024-08-19 16:59:12,TAG,000d,-46,ff:ff:10:d5:6f:2f,0,1743
2024-08-19 16:59:13,TAG,0010,-26,ff:ff:10:d5:4d:85,0,1059
2024-08-19 16:59:14,TAG,000d,-43,ff:ff:10:d5:4d:85,0,1744
2024-08-19 16:59:14,TAG,000e,-45,ff:ff:10:d5:4d:85,0,1815
2024-08-19 16:59:14,TAG,0010,-42,ff:ff:10:d5:6f:2f,0,1060
2024-08-19 16:59:14,TAG,000e,-42,ff:ff:10:d5:6f:2f,0,1816
2024-08-19 16:59:15,HEARTBEAT,0010,,,0,1061
2024-08-19 16:59:15,TAG,0010,-26,ff:ff:10:d5:4d:85,0,1062
2024-08-19 16:59:15,TAG,000d,-42,ff:ff:10:d5:4d:85,0,1745
2024-08-19 16:59:16,TAG,000e,-41,ff:ff:10:d5:4d:85,0,1817
2024-08-19 16:59:16,TAG,0010,-42,ff:ff:10:d5:6f:2f,0,1063
2024-08-19 16:59:16,TAG,000d,-40,ff:ff:10:d5:6f:2f,0,1746
2024-08-19 16:59:16,TAG,000e,-43,ff:ff:10:d5:6f:2f,0,1818
2024-08-19 16:59:17,TAG,0010,-26,ff:ff:10:d5:4d:85,0,1064
2024-08-19 16:59:17,TAG,000d,-44,ff:ff:10:d5:4d:85,0,1747
2024-08-19 16:59:17,TAG,000e,-46,ff:ff:10:d5:4d:85,0,1819
2024-08-19 16:59:18,HEARTBEAT,0010,,,0,1065
2024-08-19 16:59:18,TAG,0010,-41,ff:ff:10:d5:6f:2f,0,1065
2024-08-19 16:59:18,TAG,000e,-43,ff:ff:10:d5:6f:2f,0,1820
2024-08-19 16:59:19,TAG,0010,-27,ff:ff:10:d5:4d:85,0,1067
2024-08-19 16:59:19,TAG,000d,-42,ff:ff:10:d5:4d:85,0,1748
2024-08-19 16:59:20,TAG,000e,-61,ff:ff:10:d5:4d:85,0,1821
2024-08-19 16:59:20,TAG,0010,-38,ff:ff:10:d5:6f:2f,0,1068
2024-08-19 16:59:20,TAG,000d,-40,ff:ff:10:d5:6f:2f,0,1749
2024-08-19 16:59:20,TAG,000e,-44,ff:ff:10:d5:6f:2f,0,1822
2024-08-19 16:59:21,HEARTBEAT,0010,,,0,1069
2024-08-19 16:59:21,TAG,0010,-25,ff:ff:10:d5:4d:85,0,1070
2024-08-19 16:59:22,TAG,000d,-44,ff:ff:10:d5:4d:85,0,1750
2024-08-19 16:59:22,TAG,0010,-44,ff:ff:10:d5:6f:2f,0,1071
2024-08-19 16:59:22,TAG,000e,-43,ff:ff:10:d5:6f:2f,0,1823
2024-08-19 16:59:23,TAG,0010,-26,ff:ff:10:d5:4d:85,0,1072
2024-08-19 16:59:23,TAG,000d,-44,ff:ff:10:d5:4d:85,0,1751
2024-08-19 16:59:24,TAG,000e,-46,ff:ff:10:d5:4d:85,0,1824
2024-08-19 16:59:24,TAG,0010,-41,ff:ff:10:d5:6f:2f,0,1073
2024-08-19 16:59:24,HEARTBEAT,0010,,,0,1074
2024-08-19 16:59:24,TAG,000d,-39,ff:ff:10:d5:6f:2f,0,1752
2024-08-19 16:59:25,TAG,000e,-43,ff:ff:10:d5:6f:2f,0,1825
2024-08-19 16:59:25,TAG,0010,-26,ff:ff:10:d5:4d:85,0,1075
2024-08-19 16:59:26,TAG,000e,-51,ff:ff:10:d5:4d:85,0,1826
2024-08-19 16:59:26,TAG,0010,-42,ff:ff:10:d5:6f:2f,0,1076
2024-08-19 16:59:26,TAG,000e,-41,ff:ff:10:d5:6f:2f,0,1827
2024-08-19 16:59:27,HEARTBEAT,0010,,,0,1077
2024-08-19 16:59:27,TAG,0010,-26,ff:ff:10:d5:4d:85,0,1078
2024-08-19 16:59:28,TAG,000e,-46,ff:ff:10:d5:4d:85,0,1828
2024-08-19 16:59:28,TAG,000d,-43,ff:ff:10:d5:4d:85,0,1753
2024-08-19 16:59:28,TAG,0010,-44,ff:ff:10:d5:6f:2f,0,1079
2024-08-19 16:59:28,TAG,000d,-40,ff:ff:10:d5:6f:2f,0,1754
2024-08-19 16:59:29,TAG,000e,-44,ff:ff:10:d5:6f:2f,0,1829
2024-08-19 16:59:29,TAG,0010,-28,ff:ff:10:d5:4d:85,0,1080
2024-08-19 16:59:29,TAG,000d,-45,ff:ff:10:d5:4d:85,0,1755
2024-08-19 16:59:30,TAG,000e,-47,ff:ff:10:d5:4d:85,0,1830
2024-08-19 16:59:30,TAG,0010,-48,ff:ff:10:d5:6f:2f,0,1081
2024-08-19 16:59:30,HEARTBEAT,0010,,,0,1082
2024-08-19 16:59:30,TAG,000d,-41,ff:ff:10:d5:6f:2f,0,1756
2024-08-19 16:59:31,TAG,000e,-45,ff:ff:10:d5:6f:2f,0,1831
2024-08-19 16:59:31,TAG,0010,-28,ff:ff:10:d5:4d:85,0,1083
2024-08-19 16:59:32,TAG,000d,-43,ff:ff:10:d5:4d:85,0,1757
2024-08-19 16:59:32,TAG,000e,-55,ff:ff:10:d5:4d:85,0,1832
2024-08-19 16:59:32,TAG,0010,-46,ff:ff:10:d5:6f:2f,0,1084
2024-08-19 16:59:32,TAG,000e,-44,ff:ff:10:d5:6f:2f,0,1833
2024-08-19 16:59:32,TAG,000d,-40,ff:ff:10:d5:6f:2f,0,1758
2024-08-19 16:59:33,HEARTBEAT,0010,,,0,1085
2024-08-19 16:59:33,TAG,000d,-45,ff:ff:10:d5:6f:2f,0,1759
2024-08-19 16:59:33,TAG,0010,-27,ff:ff:10:d5:4d:85,0,1086
2024-08-19 16:59:33,TAG,000e,-45,ff:ff:10:d5:4d:85,0,1834
2024-08-19 16:59:34,TAG,0010,-45,ff:ff:10:d5:6f:2f,0,1087
2024-08-19 16:59:34,TAG,000d,-44,ff:ff:10:d5:4d:85,0,1760
2024-08-19 16:59:34,TAG,000e,-44,ff:ff:10:d5:6f:2f,0,1835
2024-08-19 16:59:35,TAG,0010,-27,ff:ff:10:d5:4d:85,0,1088
2024-08-19 16:59:35,TAG,000e,-50,ff:ff:10:d5:4d:85,0,1836
2024-08-19 16:59:36,HEARTBEAT,0010,,,0,1089
2024-08-19 16:59:37,TAG,0010,-28,ff:ff:10:d5:4d:85,0,1090
2024-08-19 16:59:38,TAG,000e,-49,ff:ff:10:d5:4d:85,0,1837
2024-08-19 16:59:38,TAG,000d,-46,ff:ff:10:d5:4d:85,0,1761
2024-08-19 16:59:38,TAG,0010,-41,ff:ff:10:d5:6f:2f,0,1091
2024-08-19 16:59:38,TAG,000e,-43,ff:ff:10:d5:6f:2f,0,1838
2024-08-19 16:59:39,TAG,000d,-40,ff:ff:10:d5:6f:2f,0,1762
2024-08-19 16:59:39,HEARTBEAT,0010,,,0,1092
2024-08-19 16:59:39,TAG,0010,-27,ff:ff:10:d5:4d:85,0,1093
2024-08-19 16:59:40,TAG,000d,-45,ff:ff:10:d5:4d:85,0,1763
2024-08-19 16:59:40,TAG,000e,-55,ff:ff:10:d5:4d:85,0,1839
2024-08-19 16:59:40,TAG,0010,-46,ff:ff:10:d5:6f:2f,0,1094
2024-08-19 16:59:40,TAG,000d,-40,ff:ff:10:d5:6f:2f,0,1764
2024-08-19 16:59:40,TAG,000e,-45,ff:ff:10:d5:6f:2f,0,1840
2024-08-19 16:59:41,TAG,0010,-28,ff:ff:10:d5:4d:85,0,1095
2024-08-19 16:59:42,TAG,000d,-41,ff:ff:10:d5:4d:85,0,1765
2024-08-19 16:59:42,TAG,000e,-44,ff:ff:10:d5:4d:85,0,1841
2024-08-19 16:59:42,TAG,0010,-44,ff:ff:10:d5:6f:2f,0,1096
2024-08-19 16:59:42,HEARTBEAT,0010,,,0,1097
2024-08-19 16:59:43,TAG,000e,-45,ff:ff:10:d5:6f:2f,0,1842
2024-08-19 16:59:43,TAG,000d,-39,ff:ff:10:d5:6f:2f,0,1766
2024-08-19 16:59:43,TAG,0010,-26,ff:ff:10:d5:4d:85,0,1098
2024-08-19 16:59:44,TAG,000d,-44,ff:ff:10:d5:4d:85,0,1767
2024-08-19 16:59:44,TAG,0010,-45,ff:ff:10:d5:6f:2f,0,1099
2024-08-19 16:59:44,TAG,000d,-40,ff:ff:10:d5:6f:2f,0,1768
2024-08-19 16:59:45,TAG,0010,-26,ff:ff:10:d5:4d:85,0,1100
2024-08-19 16:59:45,HEARTBEAT,0010,,,0,1100
2024-08-19 16:59:46,TAG,000d,-51,ff:ff:10:d5:4d:85,0,1769
2024-08-19 16:59:46,TAG,000e,-59,ff:ff:10:d5:4d:85,0,1843
2024-08-19 16:59:46,TAG,0010,-46,ff:ff:10:d5:6f:2f,0,1102
2024-08-19 16:59:46,TAG,000d,-40,ff:ff:10:d5:6f:2f,0,1770
2024-08-19 16:59:47,TAG,000e,-43,ff:ff:10:d5:6f:2f,0,1844
2024-08-19 16:59:47,TAG,0010,-27,ff:ff:10:d5:4d:85,0,1103
2024-08-19 16:59:48,TAG,000d,-45,ff:ff:10:d5:4d:85,0,1771
2024-08-19 16:59:48,TAG,000e,-45,ff:ff:10:d5:4d:85,0,1845
2024-08-19 16:59:48,HEARTBEAT,0010,,,0,1104
2024-08-19 16:59:49,TAG,0010,-27,ff:ff:10:d5:4d:85,0,1105
2024-08-19 16:59:50,TAG,000e,-51,ff:ff:10:d5:4d:85,0,1846
2024-08-19 16:59:50,TAG,000d,-45,ff:ff:10:d5:4d:85,0,1772
2024-08-19 16:59:50,TAG,0010,-46,ff:ff:10:d5:6f:2f,0,1106
2024-08-19 16:59:50,TAG,000e,-43,ff:ff:10:d5:6f:2f,0,1847
2024-08-19 16:59:51,TAG,000d,-39,ff:ff:10:d5:6f:2f,0,1773
2024-08-19 16:59:51,TAG,0010,-27,ff:ff:10:d5:4d:85,0,1107
2024-08-19 16:59:52,TAG,000d,-45,ff:ff:10:d5:4d:85,0,1774
2024-08-19 16:59:52,HEARTBEAT,0010,,,0,1108
2024-08-19 16:59:52,TAG,000e,-60,ff:ff:10:d5:4d:85,0,1848
2024-08-19 16:59:52,TAG,0010,-43,ff:ff:10:d5:6f:2f,0,1109
2024-08-19 16:59:52,TAG,000e,-45,ff:ff:10:d5:6f:2f,0,1849
2024-08-19 16:59:53,TAG,0010,-27,ff:ff:10:d5:4d:85,0,1110
2024-08-19 16:59:54,TAG,000e,-52,ff:ff:10:d5:4d:85,0,1850
2024-08-19 16:59:54,TAG,000d,-58,ff:ff:10:d5:4d:85,0,1775
2024-08-19 16:59:55,HEARTBEAT,0010,,,0,1111
2024-08-19 16:59:55,TAG,0010,-26,ff:ff:10:d5:4d:85,0,1112
2024-08-19 16:59:55,TAG,000d,-50,ff:ff:10:d5:4d:85,0,1776
2024-08-19 16:59:56,TAG,000e,-48,ff:ff:10:d5:4d:85,0,1851
2024-08-19 16:59:56,TAG,0010,-41,ff:ff:10:d5:6f:2f,0,1113
2024-08-19 16:59:56,TAG,000e,-43,ff:ff:10:d5:6f:2f,0,1852
2024-08-19 16:59:56,TAG,000d,-43,ff:ff:10:d5:6f:2f,0,1777
2024-08-19 16:59:57,TAG,0010,-27,ff:ff:10:d5:4d:85,0,1114
2024-08-19 16:59:58,TAG,000e,-46,ff:ff:10:d5:4d:85,0,1853
2024-08-19 16:59:58,TAG,000d,-52,ff:ff:10:d5:4d:85,0,1778
2024-08-19 16:59:58,HEARTBEAT,0010,,,0,1115
2024-08-19 16:59:59,TAG,0010,-26,ff:ff:10:d5:4d:85,0,1116
2024-08-19 17:00:00,TAG,000e,-50,ff:ff:10:d5:4d:85,0,1854
2024-08-19 17:00:00,TAG,000d,-48,ff:ff:10:d5:4d:85,0,1779
2024-08-19 17:00:01,HEARTBEAT,0010,,,0,1117
2024-08-19 17:00:01,TAG,0010,-32,ff:ff:10:d5:4d:85,0,1118
2024-08-19 17:00:01,TAG,000e,-51,ff:ff:10:d5:4d:85,0,1855
2024-08-19 17:00:01,TAG,000d,-45,ff:ff:10:d5:4d:85,0,1780
2024-08-19 17:00:02,TAG,0010,-41,ff:ff:10:d5:6f:2f,0,1119
2024-08-19 17:00:02,TAG,000e,-46,ff:ff:10:d5:6f:2f,0,1856
2024-08-19 17:00:03,TAG,000d,-39,ff:ff:10:d5:6f:2f,0,1781
2024-08-19 17:00:03,TAG,0010,-28,ff:ff:10:d5:4d:85,0,1120
2024-08-19 17:00:04,TAG,000d,-46,ff:ff:10:d5:4d:85,0,1782
2024-08-19 17:00:04,TAG,000e,-45,ff:ff:10:d5:4d:85,0,1857
2024-08-19 17:00:04,HEARTBEAT,0010,,,0,1121
2024-08-19 17:00:05,TAG,000e,-45,ff:ff:10:d5:6f:2f,0,1858
2024-08-19 17:00:05,TAG,0010,-26,ff:ff:10:d5:4d:85,0,1122
2024-08-19 17:00:06,TAG,000d,-48,ff:ff:10:d5:4d:85,0,1783
2024-08-19 17:00:06,TAG,000e,-44,ff:ff:10:d5:4d:85,0,1859
2024-08-19 17:00:06,TAG,000e,-44,ff:ff:10:d5:6f:2f,0,1860
2024-08-19 17:00:06,TAG,000d,-39,ff:ff:10:d5:6f:2f,0,1784
2024-08-19 17:00:07,HEARTBEAT,0010,,,0,1123
2024-08-19 17:00:07,TAG,000e,-50,ff:ff:10:d5:4d:85,0,1861
2024-08-19 17:00:08,TAG,0010,-40,ff:ff:10:d5:6f:2f,0,1124
2024-08-19 17:00:08,TAG,000d,-37,ff:ff:10:d5:6f:2f,0,1785
2024-08-19 17:00:08,TAG,000e,-41,ff:ff:10:d5:6f:2f,0,1862
2024-08-19 17:00:09,TAG,0010,-27,ff:ff:10:d5:4d:85,0,1125
2024-08-19 17:00:09,TAG,000e,-47,ff:ff:10:d5:4d:85,0,1863
2024-08-19 17:00:09,TAG,000d,-52,ff:ff:10:d5:4d:85,0,1786
2024-08-19 17:00:10,HEARTBEAT,0010,,,0,1126
2024-08-19 17:00:10,TAG,0010,-50,ff:ff:10:d5:6f:2f,0,1127
2024-08-19 17:00:10,TAG,000e,-48,ff:ff:10:d5:6f:2f,0,1864
2024-08-19 17:00:11,TAG,000d,-36,ff:ff:10:d5:6f:2f,0,1787
2024-08-19 17:00:11,TAG,0010,-27,ff:ff:10:d5:4d:85,0,1128
2024-08-19 17:00:12,TAG,000d,-49,ff:ff:10:d5:4d:85,0,1788
2024-08-19 17:00:12,TAG,000e,-55,ff:ff:10:d5:4d:85,0,1865
2024-08-19 17:00:12,TAG,0010,-45,ff:ff:10:d5:6f:2f,0,1129
2024-08-19 17:00:13,TAG,000d,-37,ff:ff:10:d5:6f:2f,0,1789
2024-08-19 17:00:13,TAG,000e,-45,ff:ff:10:d5:6f:2f,0,1866
2024-08-19 17:00:13,HEARTBEAT,0010,,,0,1130
2024-08-19 17:00:13,TAG,0010,-27,ff:ff:10:d5:4d:85,0,1131
2024-08-19 17:00:14,TAG,000e,-55,ff:ff:10:d5:4d:85,0,1867
2024-08-19 17:00:14,TAG,000d,-45,ff:ff:10:d5:4d:85,0,1790
2024-08-19 17:00:14,TAG,0010,-44,ff:ff:10:d5:6f:2f,0,1132
2024-08-19 17:00:15,TAG,0010,-27,ff:ff:10:d5:4d:85,0,1133
2024-08-19 17:00:15,TAG,000d,-46,ff:ff:10:d5:4d:85,0,1791
2024-08-19 17:00:16,TAG,000e,-46,ff:ff:10:d5:4d:85,0,1868
2024-08-19 17:00:16,HEARTBEAT,0010,,,0,1134
2024-08-19 17:00:16,TAG,0010,-42,ff:ff:10:d5:6f:2f,0,1135
2024-08-19 17:00:17,TAG,000e,-44,ff:ff:10:d5:6f:2f,0,1869
2024-08-19 17:00:17,TAG,000d,-38,ff:ff:10:d5:6f:2f,0,1792
2024-08-19 17:00:17,TAG,0010,-26,ff:ff:10:d5:4d:85,0,1136
2024-08-19 17:00:18,TAG,000e,-48,ff:ff:10:d5:4d:85,0,1870
2024-08-19 17:00:18,TAG,000d,-44,ff:ff:10:d5:4d:85,0,1793
2024-08-19 17:00:18,TAG,0010,-45,ff:ff:10:d5:6f:2f,0,1137
2024-08-19 17:00:18,TAG,000e,-46,ff:ff:10:d5:6f:2f,0,1871
2024-08-19 17:00:19,HEARTBEAT,0010,,,0,1138
2024-08-19 17:00:19,TAG,0010,-28,ff:ff:10:d5:4d:85,0,1139
2024-08-19 17:00:20,TAG,000d,-45,ff:ff:10:d5:4d:85,0,1794
2024-08-19 17:00:20,TAG,000e,-51,ff:ff:10:d5:4d:85,0,1872
2024-08-19 17:00:20,TAG,0010,-46,ff:ff:10:d5:6f:2f,0,1140
2024-08-19 17:00:20,TAG,000d,-39,ff:ff:10:d5:6f:2f,0,1795
2024-08-19 17:00:21,TAG,000e,-44,ff:ff:10:d5:6f:2f,0,1873
2024-08-19 17:00:21,TAG,0010,-26,ff:ff:10:d5:4d:85,0,1141
2024-08-19 17:00:21,TAG,000d,-42,ff:ff:10:d5:4d:85,0,1796
2024-08-19 17:00:22,TAG,000e,-54,ff:ff:10:d5:4d:85,0,1874
2024-08-19 17:00:22,HEARTBEAT,0010,,,0,1142
2024-08-19 17:00:22,TAG,0010,-44,ff:ff:10:d5:6f:2f,0,1143
2024-08-19 17:00:23,TAG,000e,-45,ff:ff:10:d5:6f:2f,0,1875
2024-08-19 17:00:23,TAG,0010,-27,ff:ff:10:d5:4d:85,0,1144
2024-08-19 17:00:24,TAG,000e,-46,ff:ff:10:d5:4d:85,0,1876
2024-08-19 17:00:24,TAG,000d,-47,ff:ff:10:d5:4d:85,0,1797
2024-08-19 17:00:24,TAG,0010,-45,ff:ff:10:d5:6f:2f,0,1145
2024-08-19 17:00:24,TAG,000d,-38,ff:ff:10:d5:6f:2f,0,1798
2024-08-19 17:00:25,TAG,000e,-42,ff:ff:10:d5:6f:2f,0,1877
2024-08-19 17:00:25,HEARTBEAT,0010,,,0,1146
2024-08-19 17:00:25,TAG,0010,-27,ff:ff:10:d5:4d:85,0,1147
2024-08-19 17:00:25,TAG,000e,-46,ff:ff:10:d5:4d:85,0,1878
2024-08-19 17:00:26,TAG,000d,-44,ff:ff:10:d5:4d:85,0,1799
2024-08-19 17:00:26,TAG,0010,-45,ff:ff:10:d5:6f:2f,0,1148
2024-08-19 17:00:26,TAG,000d,-38,ff:ff:10:d5:6f:2f,0,1800
2024-08-19 17:00:26,TAG,000e,-43,ff:ff:10:d5:6f:2f,0,1879
2024-08-19 17:00:27,TAG,0010,-28,ff:ff:10:d5:4d:85,0,1149
2024-08-19 17:00:27,TAG,000d,-46,ff:ff:10:d5:4d:85,0,1801
2024-08-19 17:00:28,TAG,000e,-50,ff:ff:10:d5:4d:85,0,1880
2024-08-19 17:00:28,TAG,0010,-41,ff:ff:10:d5:6f:2f,0,1150
2024-08-19 17:00:28,HEARTBEAT,0010,,,0,1150
2024-08-19 17:00:29,TAG,000d,-39,ff:ff:10:d5:6f:2f,0,1802
2024-08-19 17:00:29,TAG,0010,-27,ff:ff:10:d5:4d:85,0,1152
2024-08-19 17:00:30,TAG,000e,-47,ff:ff:10:d5:4d:85,0,1881
2024-08-19 17:00:30,TAG,000d,-48,ff:ff:10:d5:4d:85,0,1803
2024-08-19 17:00:30,TAG,0010,-44,ff:ff:10:d5:6f:2f,0,1153
2024-08-19 17:00:30,TAG,000d,-39,ff:ff:10:d5:6f:2f,0,1804
2024-08-19 17:00:31,HEARTBEAT,0010,,,0,1154
2024-08-19 17:00:31,TAG,0010,-28,ff:ff:10:d5:4d:85,0,1155
2024-08-19 17:00:32,TAG,000e,-50,ff:ff:10:d5:4d:85,0,1882
2024-08-19 17:00:32,TAG,000d,-48,ff:ff:10:d5:4d:85,0,1805
2024-08-19 17:00:32,TAG,0010,-43,ff:ff:10:d5:6f:2f,0,1156
2024-08-19 17:00:33,TAG,000e,-45,ff:ff:10:d5:6f:2f,0,1883
2024-08-19 17:00:33,TAG,000d,-38,ff:ff:10:d5:6f:2f,0,1806
2024-08-19 17:00:33,TAG,0010,-26,ff:ff:10:d5:4d:85,0,1157
2024-08-19 17:00:34,TAG,000e,-48,ff:ff:10:d5:4d:85,0,1884
2024-08-19 17:00:34,TAG,0010,-43,ff:ff:10:d5:6f:2f,0,1158
2024-08-19 17:00:34,HEARTBEAT,0010,,,0,1159
2024-08-19 17:00:34,TAG,000e,-44,ff:ff:10:d5:6f:2f,0,1885
2024-08-19 17:00:36,TAG,0010,-27,ff:ff:10:d5:4d:85,0,1160
2024-08-19 17:00:36,TAG,000d,-43,ff:ff:10:d5:4d:85,0,1807
2024-08-19 17:00:36,TAG,0010,-42,ff:ff:10:d5:6f:2f,0,1161
2024-08-19 17:00:36,TAG,000e,-37,ff:ff:10:d5:6f:2f,0,1886
2024-08-19 17:00:37,HEARTBEAT,0010,,,0,1162
2024-08-19 17:00:38,TAG,0010,-28,ff:ff:10:d5:4d:85,0,1163
2024-08-19 17:00:38,TAG,000d,-46,ff:ff:10:d5:4d:85,0,1808
2024-08-19 17:00:38,TAG,000e,-46,ff:ff:10:d5:4d:85,0,1887
2024-08-19 17:00:38,TAG,0010,-41,ff:ff:10:d5:6f:2f,0,1164
2024-08-19 17:00:39,TAG,000e,-44,ff:ff:10:d5:6f:2f,0,1888
2024-08-19 17:00:39,TAG,0010,-27,ff:ff:10:d5:4d:85,0,1165
2024-08-19 17:00:39,TAG,000e,-49,ff:ff:10:d5:4d:85,0,1889
2024-08-19 17:00:40,TAG,0010,-44,ff:ff:10:d5:6f:2f,0,1166
2024-08-19 17:00:40,TAG,000d,-38,ff:ff:10:d5:6f:2f,0,1809
2024-08-19 17:00:40,HEARTBEAT,0010,,,0,1167
2024-08-19 17:00:41,TAG,000e,-43,ff:ff:10:d5:6f:2f,0,1890
2024-08-19 17:00:42,TAG,0010,-28,ff:ff:10:d5:4d:85,0,1168
2024-08-19 17:00:42,TAG,000d,-42,ff:ff:10:d5:4d:85,0,1810
2024-08-19 17:00:42,TAG,000e,-51,ff:ff:10:d5:4d:85,0,1891
2024-08-19 17:00:42,TAG,0010,-43,ff:ff:10:d5:6f:2f,0,1169
2024-08-19 17:00:43,TAG,000d,-39,ff:ff:10:d5:6f:2f,0,1811
2024-08-19 17:00:43,TAG,000e,-45,ff:ff:10:d5:6f:2f,0,1892
2024-08-19 17:00:43,HEARTBEAT,0010,,,0,1170
2024-08-19 17:00:43,TAG,0010,-27,ff:ff:10:d5:4d:85,0,1171
2024-08-19 17:00:44,TAG,000e,-44,ff:ff:10:d5:4d:85,0,1893
2024-08-19 17:00:44,TAG,000d,-50,ff:ff:10:d5:4d:85,0,1812
2024-08-19 17:00:44,TAG,0010,-42,ff:ff:10:d5:6f:2f,0,1172
2024-08-19 17:00:44,TAG,000e,-45,ff:ff:10:d5:6f:2f,0,1894
2024-08-19 17:00:44,TAG,000d,-37,ff:ff:10:d5:6f:2f,0,1813
2024-08-19 17:00:46,TAG,0010,-26,ff:ff:10:d5:4d:85,0,1173
2024-08-19 17:00:46,TAG,000d,-43,ff:ff:10:d5:4d:85,0,1814
2024-08-19 17:00:46,TAG,000e,-48,ff:ff:10:d5:4d:85,0,1895
2024-08-19 17:00:46,TAG,0010,-41,ff:ff:10:d5:6f:2f,0,1174
2024-08-19 17:00:46,HEARTBEAT,0010,,,0,1175
2024-08-19 17:00:47,TAG,000e,-44,ff:ff:10:d5:6f:2f,0,1896
2024-08-19 17:00:47,TAG,0010,-26,ff:ff:10:d5:4d:85,0,1176
2024-08-19 17:00:48,TAG,000e,-47,ff:ff:10:d5:4d:85,0,1897
2024-08-19 17:00:48,TAG,000d,-46,ff:ff:10:d5:4d:85,0,1815
2024-08-19 17:00:48,TAG,0010,-44,ff:ff:10:d5:6f:2f,0,1177
2024-08-19 17:00:48,TAG,000d,-37,ff:ff:10:d5:6f:2f,0,1816
2024-08-19 17:00:49,TAG,000e,-44,ff:ff:10:d5:6f:2f,0,1898
2024-08-19 17:00:49,TAG,0010,-29,ff:ff:10:d5:4d:85,0,1178
2024-08-19 17:00:49,HEARTBEAT,0010,,,0,1178
2024-08-19 17:00:49,TAG,000e,-44,ff:ff:10:d5:4d:85,0,1899
2024-08-19 17:00:50,TAG,000d,-46,ff:ff:10:d5:4d:85,0,1817
2024-08-19 17:00:50,TAG,0010,-42,ff:ff:10:d5:6f:2f,0,1180
2024-08-19 17:00:50,TAG,000e,-45,ff:ff:10:d5:6f:2f,0,1900
2024-08-19 17:00:51,TAG,0010,-26,ff:ff:10:d5:4d:85,0,1181
2024-08-19 17:00:52,TAG,000e,-51,ff:ff:10:d5:4d:85,0,1901
2024-08-19 17:00:52,TAG,0010,-42,ff:ff:10:d5:6f:2f,0,1182
2024-08-19 17:00:52,TAG,000d,-38,ff:ff:10:d5:6f:2f,0,1818
2024-08-19 17:00:53,TAG,000e,-44,ff:ff:10:d5:6f:2f,0,1902
2024-08-19 17:00:53,HEARTBEAT,0010,,,0,1183
2024-08-19 17:00:53,TAG,0010,-26,ff:ff:10:d5:4d:85,0,1184
2024-08-19 17:00:54,TAG,000e,-48,ff:ff:10:d5:4d:85,0,1903
2024-08-19 17:00:54,TAG,000d,-45,ff:ff:10:d5:4d:85,0,1819
2024-08-19 17:00:54,TAG,0010,-40,ff:ff:10:d5:6f:2f,0,1185
2024-08-19 17:00:54,TAG,000e,-46,ff:ff:10:d5:6f:2f,0,1904
2024-08-19 17:00:54,TAG,000d,-39,ff:ff:10:d5:6f:2f,0,1820
2024-08-19 17:00:55,TAG,0010,-27,ff:ff:10:d5:4d:85,0,1186
2024-08-19 17:00:56,TAG,000e,-47,ff:ff:10:d5:4d:85,0,1905
2024-08-19 17:00:56,HEARTBEAT,0010,,,0,1187
2024-08-19 17:00:56,TAG,000d,-49,ff:ff:10:d5:4d:85,0,1821
2024-08-19 17:00:56,TAG,0010,-40,ff:ff:10:d5:6f:2f,0,1188
2024-08-19 17:00:57,TAG,000d,-39,ff:ff:10:d5:6f:2f,0,1822
2024-08-19 17:00:57,TAG,000e,-48,ff:ff:10:d5:6f:2f,0,1906
2024-08-19 17:00:57,TAG,0010,-26,ff:ff:10:d5:4d:85,0,1189
2024-08-19 17:00:58,TAG,000d,-44,ff:ff:10:d5:4d:85,0,1823
2024-08-19 17:00:58,TAG,000e,-50,ff:ff:10:d5:4d:85,0,1907
2024-08-19 17:00:58,TAG,0010,-45,ff:ff:10:d5:6f:2f,0,1190
2024-08-19 17:00:58,TAG,000d,-38,ff:ff:10:d5:6f:2f,0,1824
2024-08-19 17:00:58,TAG,000e,-46,ff:ff:10:d5:6f:2f,0,1908
2024-08-19 17:00:59,HEARTBEAT,0010,,,0,1191
2024-08-19 17:00:59,TAG,0010,-28,ff:ff:10:d5:4d:85,0,1192
2024-08-19 17:00:59,TAG,000e,-47,ff:ff:10:d5:4d:85,0,1909
2024-08-19 17:01:00,TAG,000d,-43,ff:ff:10:d5:4d:85,0,1825
2024-08-19 17:01:00,TAG,0010,-42,ff:ff:10:d5:6f:2f,0,1193
2024-08-19 17:01:00,TAG,000d,-37,ff:ff:10:d5:6f:2f,0,1826
2024-08-19 17:01:00,TAG,000e,-43,ff:ff:10:d5:6f:2f,0,1910
2024-08-19 17:01:01,TAG,0010,-27,ff:ff:10:d5:4d:85,0,1194
2024-08-19 17:01:01,TAG,000d,-43,ff:ff:10:d5:4d:85,0,1827
2024-08-19 17:01:02,TAG,000e,-52,ff:ff:10:d5:4d:85,0,1911
2024-08-19 17:01:02,HEARTBEAT,0010,,,0,1195
2024-08-19 17:01:02,TAG,0010,-42,ff:ff:10:d5:6f:2f,0,1196
2024-08-19 17:01:04,TAG,0010,-27,ff:ff:10:d5:4d:85,0,1197
2024-08-19 17:01:04,TAG,000e,-46,ff:ff:10:d5:4d:85,0,1912
2024-08-19 17:01:04,TAG,000d,-47,ff:ff:10:d5:4d:85,0,1828
2024-08-19 17:01:04,TAG,0010,-41,ff:ff:10:d5:6f:2f,0,1198
2024-08-19 17:01:05,TAG,000d,-39,ff:ff:10:d5:6f:2f,0,1829
2024-08-19 17:01:05,TAG,000e,-50,ff:ff:10:d5:6f:2f,0,1913
2024-08-19 17:01:05,HEARTBEAT,0010,,,0,1199
2024-08-19 17:01:05,TAG,0010,-26,ff:ff:10:d5:4d:85,0,1200
2024-08-19 17:01:06,TAG,000e,-47,ff:ff:10:d5:4d:85,0,1914
2024-08-19 17:01:06,TAG,000d,-42,ff:ff:10:d5:4d:85,0,1830
2024-08-19 17:01:06,TAG,0010,-45,ff:ff:10:d5:6f:2f,0,1201
2024-08-19 17:01:06,TAG,000d,-39,ff:ff:10:d5:6f:2f,0,1831
2024-08-19 17:01:07,TAG,0010,-28,ff:ff:10:d5:4d:85,0,1202
2024-08-19 17:01:07,TAG,000e,-47,ff:ff:10:d5:4d:85,0,1915
2024-08-19 17:01:08,HEARTBEAT,0010,,,0,1203
2024-08-19 17:01:08,TAG,0010,-45,ff:ff:10:d5:6f:2f,0,1204
2024-08-19 17:01:08,TAG,000d,-40,ff:ff:10:d5:6f:2f,0,1832
2024-08-19 17:01:09,TAG,000e,-44,ff:ff:10:d5:6f:2f,0,1916
2024-08-19 17:01:10,TAG,0010,-28,ff:ff:10:d5:4d:85,0,1205
2024-08-19 17:01:10,TAG,000e,-48,ff:ff:10:d5:4d:85,0,1917
2024-08-19 17:01:10,TAG,000d,-46,ff:ff:10:d5:4d:85,0,1833
2024-08-19 17:01:10,TAG,0010,-40,ff:ff:10:d5:6f:2f,0,1206
2024-08-19 17:01:11,TAG,000e,-43,ff:ff:10:d5:6f:2f,0,1918
2024-08-19 17:01:11,HEARTBEAT,0010,,,0,1207
2024-08-19 17:01:11,TAG,0010,-26,ff:ff:10:d5:4d:85,0,1208
2024-08-19 17:01:12,TAG,000e,-49,ff:ff:10:d5:4d:85,0,1919
2024-08-19 17:01:12,TAG,000d,-44,ff:ff:10:d5:4d:85,0,1834
2024-08-19 17:01:12,TAG,0010,-45,ff:ff:10:d5:6f:2f,0,1209
2024-08-19 17:01:12,TAG,000e,-47,ff:ff:10:d5:6f:2f,0,1920
2024-08-19 17:01:12,TAG,000d,-38,ff:ff:10:d5:6f:2f,0,1835
2024-08-19 17:01:13,TAG,0010,-27,ff:ff:10:d5:4d:85,0,1210
2024-08-19 17:01:13,TAG,000d,-46,ff:ff:10:d5:4d:85,0,1836
2024-08-19 17:01:14,TAG,000e,-52,ff:ff:10:d5:4d:85,0,1921
2024-08-19 17:01:14,HEARTBEAT,0010,,,0,1211
2024-08-19 17:01:14,TAG,0010,-37,ff:ff:10:d5:6f:2f,0,1212
2024-08-19 17:01:16,TAG,0010,-29,ff:ff:10:d5:4d:85,0,1213
2024-08-19 17:01:16,TAG,000e,-43,ff:ff:10:d5:4d:85,0,1922
2024-08-19 17:01:16,TAG,000d,-46,ff:ff:10:d5:4d:85,0,1837
2024-08-19 17:01:16,TAG,0010,-46,ff:ff:10:d5:6f:2f,0,1214
2024-08-19 17:01:17,TAG,000d,-38,ff:ff:10:d5:6f:2f,0,1838
2024-08-19 17:01:17,HEARTBEAT,0010,,,0,1215
2024-08-19 17:01:17,TAG,0010,-28,ff:ff:10:d5:4d:85,0,1216
2024-08-19 17:01:18,TAG,000d,-42,ff:ff:10:d5:4d:85,0,1839
2024-08-19 17:01:18,TAG,000e,-46,ff:ff:10:d5:4d:85,0,1923
2024-08-19 17:01:18,TAG,000e,-43,ff:ff:10:d5:6f:2f,0,1924
2024-08-19 17:01:18,TAG,000d,-37,ff:ff:10:d5:6f:2f,0,1840
2024-08-19 17:01:19,TAG,0010,-28,ff:ff:10:d5:4d:85,0,1217
2024-08-19 17:01:19,TAG,000d,-42,ff:ff:10:d5:4d:85,0,1841
2024-08-19 17:01:20,TAG,000e,-47,ff:ff:10:d5:4d:85,0,1925
2024-08-19 17:01:20,HEARTBEAT,0010,,,0,1218
2024-08-19 17:01:20,TAG,0010,-48,ff:ff:10:d5:6f:2f,0,1219
2024-08-19 17:01:21,TAG,000d,-35,ff:ff:10:d5:6f:2f,0,1842
2024-08-19 17:01:21,TAG,000e,-44,ff:ff:10:d5:6f:2f,0,1926
2024-08-19 17:01:22,TAG,000d,-48,ff:ff:10:d5:4d:85,0,1843
2024-08-19 17:01:22,TAG,000e,-48,ff:ff:10:d5:4d:85,0,1927
2024-08-19 17:01:22,TAG,0010,-50,ff:ff:10:d5:6f:2f,0,1220
2024-08-19 17:01:22,TAG,000d,-37,ff:ff:10:d5:6f:2f,0,1844
2024-08-19 17:01:23,TAG,000e,-45,ff:ff:10:d5:6f:2f,0,1928
2024-08-19 17:01:23,HEARTBEAT,0010,,,0,1221
2024-08-19 17:01:23,TAG,0010,-26,ff:ff:10:d5:4d:85,0,1222
2024-08-19 17:01:24,TAG,000d,-51,ff:ff:10:d5:4d:85,0,1845
2024-08-19 17:01:24,TAG,000e,-46,ff:ff:10:d5:4d:85,0,1929
2024-08-19 17:01:25,TAG,000d,-38,ff:ff:10:d5:6f:2f,0,1846
2024-08-19 17:01:25,TAG,000e,-48,ff:ff:10:d5:6f:2f,0,1930
2024-08-19 17:01:25,TAG,0010,-26,ff:ff:10:d5:4d:85,0,1223
2024-08-19 17:01:26,TAG,000d,-48,ff:ff:10:d5:4d:85,0,1847
2024-08-19 17:01:26,TAG,000e,-52,ff:ff:10:d5:4d:85,0,1931
2024-08-19 17:01:26,HEARTBEAT,0010,,,0,1224
2024-08-19 17:01:26,TAG,0010,-43,ff:ff:10:d5:6f:2f,0,1224
2024-08-19 17:01:27,TAG,000e,-38,ff:ff:10:d5:6f:2f,0,1932
2024-08-19 17:01:27,TAG,000d,-38,ff:ff:10:d5:6f:2f,0,1848
2024-08-19 17:01:27,TAG,0010,-26,ff:ff:10:d5:4d:85,0,1226
2024-08-19 17:01:28,TAG,000e,-45,ff:ff:10:d5:4d:85,0,1933
2024-08-19 17:01:28,TAG,000d,-51,ff:ff:10:d5:4d:85,0,1849
2024-08-19 17:01:28,TAG,0010,-40,ff:ff:10:d5:6f:2f,0,1227
2024-08-19 17:01:28,TAG,000e,-42,ff:ff:10:d5:6f:2f,0,1934
2024-08-19 17:01:29,TAG,000d,-39,ff:ff:10:d5:6f:2f,0,1850
2024-08-19 17:01:29,HEARTBEAT,0010,,,0,1228
2024-08-19 17:01:29,TAG,0010,-27,ff:ff:10:d5:4d:85,0,1229
2024-08-19 17:01:30,TAG,000e,-44,ff:ff:10:d5:4d:85,0,1935
2024-08-19 17:01:30,TAG,0010,-42,ff:ff:10:d5:6f:2f,0,1230
2024-08-19 17:01:31,TAG,000d,-38,ff:ff:10:d5:6f:2f,0,1851
2024-08-19 17:01:31,TAG,0010,-28,ff:ff:10:d5:4d:85,0,1231
2024-08-19 17:01:31,TAG,000e,-46,ff:ff:10:d5:4d:85,0,1936
2024-08-19 17:01:32,TAG,000d,-50,ff:ff:10:d5:4d:85,0,1852
2024-08-19 17:01:32,TAG,0010,-47,ff:ff:10:d5:6f:2f,0,1232
2024-08-19 17:01:32,HEARTBEAT,0010,,,0,1232
2024-08-19 17:01:33,TAG,000d,-40,ff:ff:10:d5:6f:2f,0,1853
2024-08-19 17:01:33,TAG,000e,-43,ff:ff:10:d5:6f:2f,0,1937
2024-08-19 17:01:33,TAG,0010,-27,ff:ff:10:d5:4d:85,0,1234
2024-08-19 17:01:34,TAG,000e,-45,ff:ff:10:d5:4d:85,0,1938
2024-08-19 17:01:34,TAG,0010,-45,ff:ff:10:d5:6f:2f,0,1235
2024-08-19 17:01:34,TAG,000d,-37,ff:ff:10:d5:6f:2f,0,1854
2024-08-19 17:01:35,TAG,000e,-44,ff:ff:10:d5:6f:2f,0,1939
2024-08-19 17:01:35,HEARTBEAT,0010,,,0,1236
2024-08-19 17:01:35,TAG,0010,-26,ff:ff:10:d5:4d:85,0,1237
2024-08-19 17:01:36,TAG,000d,-47,ff:ff:10:d5:4d:85,0,1855
2024-08-19 17:01:36,TAG,000e,-47,ff:ff:10:d5:4d:85,0,1940
2024-08-19 17:01:36,TAG,0010,-41,ff:ff:10:d5:6f:2f,0,1238
2024-08-19 17:01:36,TAG,000d,-38,ff:ff:10:d5:6f:2f,0,1856
2024-08-19 17:01:37,TAG,000e,-42,ff:ff:10:d5:6f:2f,0,1941
2024-08-19 17:01:37,TAG,0010,-26,ff:ff:10:d5:4d:85,0,1239
2024-08-19 17:01:38,TAG,000e,-50,ff:ff:10:d5:4d:85,0,1942
2024-08-19 17:01:38,TAG,0010,-45,ff:ff:10:d5:6f:2f,0,1240
2024-08-19 17:01:38,TAG,000d,-37,ff:ff:10:d5:6f:2f,0,1857
2024-08-19 17:01:38,HEARTBEAT,0010,,,0,1241
2024-08-19 17:01:39,TAG,000e,-44,ff:ff:10:d5:6f:2f,0,1943
2024-08-19 17:01:40,TAG,0010,-27,ff:ff:10:d5:4d:85,0,1242
2024-08-19 17:01:40,TAG,000d,-49,ff:ff:10:d5:4d:85,0,1858
2024-08-19 17:01:40,TAG,000e,-47,ff:ff:10:d5:4d:85,0,1944
2024-08-19 17:01:40,TAG,0010,-46,ff:ff:10:d5:6f:2f,0,1243
2024-08-19 17:01:41,TAG,000d,-39,ff:ff:10:d5:6f:2f,0,1859
2024-08-19 17:01:41,TAG,000e,-43,ff:ff:10:d5:6f:2f,0,1945
2024-08-19 17:01:41,HEARTBEAT,0010,,,0,1244
2024-08-19 17:01:41,TAG,0010,-26,ff:ff:10:d5:4d:85,0,1245
2024-08-19 17:01:42,TAG,000e,-47,ff:ff:10:d5:4d:85,0,1946
2024-08-19 17:01:42,TAG,0010,-45,ff:ff:10:d5:6f:2f,0,1246
2024-08-19 17:01:42,TAG,000d,-38,ff:ff:10:d5:6f:2f,0,1860
2024-08-19 17:01:43,TAG,000e,-41,ff:ff:10:d5:6f:2f,0,1947
2024-08-19 17:01:43,TAG,0010,-26,ff:ff:10:d5:4d:85,0,1247
2024-08-19 17:01:43,TAG,000e,-48,ff:ff:10:d5:4d:85,0,1948
2024-08-19 17:01:43,TAG,000d,-42,ff:ff:10:d5:4d:85,0,1861
2024-08-19 17:01:44,TAG,0010,-47,ff:ff:10:d5:6f:2f,0,1248
2024-08-19 17:01:45,HEARTBEAT,0010,,,0,1249
2024-08-19 17:01:45,TAG,000d,-39,ff:ff:10:d5:6f:2f,0,1862
2024-08-19 17:01:45,TAG,000e,-43,ff:ff:10:d5:6f:2f,0,1949
2024-08-19 17:01:46,TAG,0010,-27,ff:ff:10:d5:4d:85,0,1250
2024-08-19 17:01:46,TAG,000d,-48,ff:ff:10:d5:4d:85,0,1863
2024-08-19 17:01:46,TAG,000e,-47,ff:ff:10:d5:4d:85,0,1950
2024-08-19 17:01:46,TAG,0010,-46,ff:ff:10:d5:6f:2f,0,1251
2024-08-19 17:01:47,TAG,000e,-42,ff:ff:10:d5:6f:2f,0,1951
2024-08-19 17:01:47,HEARTBEAT,0010,,,0,1252
2024-08-19 17:01:47,TAG,0010,-26,ff:ff:10:d5:4d:85,0,1253
2024-08-19 17:01:48,TAG,000d,-45,ff:ff:10:d5:4d:85,0,1864
2024-08-19 17:01:48,TAG,000e,-51,ff:ff:10:d5:4d:85,0,1952
2024-08-19 17:01:48,TAG,0010,-40,ff:ff:10:d5:6f:2f,0,1254
2024-08-19 17:01:48,TAG,000d,-39,ff:ff:10:d5:6f:2f,0,1865
2024-08-19 17:01:49,TAG,000e,-45,ff:ff:10:d5:6f:2f,0,1953
2024-08-19 17:01:50,TAG,0010,-28,ff:ff:10:d5:4d:85,0,1255
2024-08-19 17:01:50,TAG,000e,-47,ff:ff:10:d5:4d:85,0,1954
2024-08-19 17:01:50,TAG,000d,-47,ff:ff:10:d5:4d:85,0,1866
2024-08-19 17:01:50,TAG,0010,-44,ff:ff:10:d5:6f:2f,0,1256
2024-08-19 17:01:51,HEARTBEAT,0010,,,0,1257
2024-08-19 17:01:51,TAG,000d,-39,ff:ff:10:d5:6f:2f,0,1867
2024-08-19 17:01:51,TAG,000e,-44,ff:ff:10:d5:6f:2f,0,1955
2024-08-19 17:01:51,TAG,0010,-27,ff:ff:10:d5:4d:85,0,1258
2024-08-19 17:01:52,TAG,000d,-39,ff:ff:10:d5:6f:2f,0,1868
2024-08-19 17:01:53,TAG,000e,-42,ff:ff:10:d5:6f:2f,0,1956
2024-08-19 17:01:53,TAG,0010,-27,ff:ff:10:d5:4d:85,0,1259
2024-08-19 17:01:54,HEARTBEAT,0010,,,0,1259
2024-08-19 17:01:54,TAG,000e,-53,ff:ff:10:d5:4d:85,0,1957
2024-08-19 17:01:54,TAG,000d,-45,ff:ff:10:d5:4d:85,0,1869
2024-08-19 17:01:54,TAG,0010,-43,ff:ff:10:d5:6f:2f,0,1261
2024-08-19 17:01:55,TAG,000e,-43,ff:ff:10:d5:6f:2f,0,1958
2024-08-19 17:01:55,TAG,000d,-39,ff:ff:10:d5:6f:2f,0,1870
2024-08-19 17:01:55,TAG,0010,-27,ff:ff:10:d5:4d:85,0,1262
2024-08-19 17:01:56,TAG,000e,-47,ff:ff:10:d5:4d:85,0,1959
2024-08-19 17:01:56,TAG,000d,-44,ff:ff:10:d5:4d:85,0,1871
2024-08-19 17:01:56,TAG,0010,-41,ff:ff:10:d5:6f:2f,0,1263
2024-08-19 17:01:56,TAG,000d,-39,ff:ff:10:d5:6f:2f,0,1872
2024-08-19 17:01:57,HEARTBEAT,0010,,,0,1264
2024-08-19 17:01:58,TAG,0010,-28,ff:ff:10:d5:4d:85,0,1265
2024-08-19 17:01:58,TAG,000d,-44,ff:ff:10:d5:4d:85,0,1873
2024-08-19 17:01:58,TAG,000e,-47,ff:ff:10:d5:4d:85,0,1960
2024-08-19 17:01:58,TAG,0010,-45,ff:ff:10:d5:6f:2f,0,1266
2024-08-19 17:01:59,TAG,0010,-27,ff:ff:10:d5:4d:85,0,1267
2024-08-19 17:02:00,TAG,000e,-47,ff:ff:10:d5:4d:85,0,1961
2024-08-19 17:02:00,HEARTBEAT,0010,,,0,1268
2024-08-19 17:02:00,TAG,000d,-45,ff:ff:10:d5:4d:85,0,1874
2024-08-19 17:02:00,TAG,0010,-44,ff:ff:10:d5:6f:2f,0,1269
2024-08-19 17:02:01,TAG,000e,-48,ff:ff:10:d5:6f:2f,0,1962
2024-08-19 17:02:01,TAG,000d,-39,ff:ff:10:d5:6f:2f,0,1875
2024-08-19 17:02:01,TAG,0010,-28,ff:ff:10:d5:4d:85,0,1270
2024-08-19 17:02:02,TAG,000d,-47,ff:ff:10:d5:4d:85,0,1876
2024-08-19 17:02:02,TAG,000e,-45,ff:ff:10:d5:4d:85,0,1963
2024-08-19 17:02:02,TAG,000e,-42,ff:ff:10:d5:6f:2f,0,1964
2024-08-19 17:02:03,HEARTBEAT,0010,,,0,1271
2024-08-19 17:02:03,TAG,0010,-28,ff:ff:10:d5:4d:85,0,1272
2024-08-19 17:02:03,TAG,000d,-46,ff:ff:10:d5:4d:85,0,1877
2024-08-19 17:02:04,TAG,000e,-48,ff:ff:10:d5:4d:85,0,1965
2024-08-19 17:02:04,TAG,0010,-46,ff:ff:10:d5:6f:2f,0,1273
2024-08-19 17:02:05,TAG,0010,-27,ff:ff:10:d5:4d:85,0,1274
2024-08-19 17:02:06,TAG,000e,-50,ff:ff:10:d5:4d:85,0,1966
2024-08-19 17:02:06,TAG,000d,-43,ff:ff:10:d5:4d:85,0,1878
2024-08-19 17:02:06,HEARTBEAT,0010,,,0,1275
2024-08-19 17:02:06,TAG,0010,-42,ff:ff:10:d5:6f:2f,0,1276
2024-08-19 17:02:08,TAG,0010,-27,ff:ff:10:d5:4d:85,0,1277
2024-08-19 17:02:08,TAG,000e,-50,ff:ff:10:d5:4d:85,0,1967
2024-08-19 17:02:08,TAG,000d,-43,ff:ff:10:d5:4d:85,0,1879
2024-08-19 17:02:08,TAG,0010,-42,ff:ff:10:d5:6f:2f,0,1278
2024-08-19 17:02:09,TAG,000d,-38,ff:ff:10:d5:6f:2f,0,1880
2024-08-19 17:02:09,HEARTBEAT,0010,,,0,1279
2024-08-19 17:02:09,TAG,0010,-27,ff:ff:10:d5:4d:85,0,1280
2024-08-19 17:02:10,TAG,000e,-46,ff:ff:10:d5:4d:85,0,1968
2024-08-19 17:02:10,TAG,0010,-42,ff:ff:10:d5:6f:2f,0,1281
2024-08-19 17:02:10,TAG,000d,-39,ff:ff:10:d5:6f:2f,0,1881
2024-08-19 17:02:11,TAG,000e,-45,ff:ff:10:d5:6f:2f,0,1969
2024-08-19 17:02:11,TAG,000e,-48,ff:ff:10:d5:4d:85,0,1970
2024-08-19 17:02:12,HEARTBEAT,0010,,,0,1282
2024-08-19 17:02:12,TAG,000d,-40,ff:ff:10:d5:6f:2f,0,1882
2024-08-19 17:02:12,TAG,000e,-41,ff:ff:10:d5:6f:2f,0,1971
2024-08-19 17:02:13,TAG,0010,-27,ff:ff:10:d5:4d:85,0,1283
2024-08-19 17:02:13,TAG,000d,-43,ff:ff:10:d5:4d:85,0,1883
2024-08-19 17:02:14,TAG,000e,-46,ff:ff:10:d5:4d:85,0,1972
2024-08-19 17:02:14,TAG,0010,-45,ff:ff:10:d5:6f:2f,0,1284
2024-08-19 17:02:15,TAG,000e,-43,ff:ff:10:d5:6f:2f,0,1973
2024-08-19 17:02:15,TAG,000d,-38,ff:ff:10:d5:6f:2f,0,1884
2024-08-19 17:02:15,HEARTBEAT,0010,,,0,1285
2024-08-19 17:02:16,TAG,0010,-27,ff:ff:10:d5:4d:85,0,1286
2024-08-19 17:02:16,TAG,000e,-46,ff:ff:10:d5:4d:85,0,1974
2024-08-19 17:02:16,TAG,000d,-48,ff:ff:10:d5:4d:85,0,1885
2024-08-19 17:02:16,TAG,0010,-39,ff:ff:10:d5:6f:2f,0,1287
2024-08-19 17:02:17,TAG,000d,-37,ff:ff:10:d5:6f:2f,0,1886
2024-08-19 17:02:17,TAG,000e,-45,ff:ff:10:d5:6f:2f,0,1975
2024-08-19 17:02:17,TAG,0010,-28,ff:ff:10:d5:4d:85,0,1288
2024-08-19 17:02:18,TAG,000d,-50,ff:ff:10:d5:4d:85,0,1887
2024-08-19 17:02:18,TAG,000e,-50,ff:ff:10:d5:4d:85,0,1976
2024-08-19 17:02:18,HEARTBEAT,0010,,,0,1289
2024-08-19 17:02:18,TAG,0010,-41,ff:ff:10:d5:6f:2f,0,1290
2024-08-19 17:02:19,TAG,000e,-45,ff:ff:10:d5:6f:2f,0,1977
2024-08-19 17:02:19,TAG,000d,-39,ff:ff:10:d5:6f:2f,0,1888
2024-08-19 17:02:19,TAG,0010,-27,ff:ff:10:d5:4d:85,0,1291
2024-08-19 17:02:20,TAG,000e,-50,ff:ff:10:d5:4d:85,0,1978
2024-08-19 17:02:20,TAG,000d,-46,ff:ff:10:d5:4d:85,0,1889
2024-08-19 17:02:20,TAG,0010,-41,ff:ff:10:d5:6f:2f,0,1292
2024-08-19 17:02:20,TAG,000e,-43,ff:ff:10:d5:6f:2f,0,1979
2024-08-19 17:02:21,TAG,000d,-39,ff:ff:10:d5:6f:2f,0,1890
2024-08-19 17:02:21,HEARTBEAT,0010,,,0,1293
2024-08-19 17:02:21,TAG,0010,-28,ff:ff:10:d5:4d:85,0,1294
2024-08-19 17:02:22,TAG,000d,-47,ff:ff:10:d5:4d:85,0,1891
2024-08-19 17:02:22,TAG,0010,-41,ff:ff:10:d5:6f:2f,0,1295
2024-08-19 17:02:22,TAG,000e,-44,ff:ff:10:d5:6f:2f,0,1980
2024-08-19 17:02:23,TAG,000d,-38,ff:ff:10:d5:6f:2f,0,1892
2024-08-19 17:02:23,TAG,0010,-28,ff:ff:10:d5:4d:85,0,1296
2024-08-19 17:02:24,HEARTBEAT,0010,,,0,1297
2024-08-19 17:02:24,TAG,0010,-40,ff:ff:10:d5:6f:2f,0,1298
2024-08-19 17:02:25,TAG,000d,-38,ff:ff:10:d5:6f:2f,0,1893
2024-08-19 17:02:25,TAG,000e,-43,ff:ff:10:d5:6f:2f,0,1981
2024-08-19 17:02:26,TAG,0010,-27,ff:ff:10:d5:4d:85,0,1299
2024-08-19 17:02:26,TAG,000d,-48,ff:ff:10:d5:4d:85,0,1894
2024-08-19 17:02:26,TAG,000e,-45,ff:ff:10:d5:4d:85,0,1982
2024-08-19 17:02:26,TAG,0010,-45,ff:ff:10:d5:6f:2f,0,1300
2024-08-19 17:02:27,TAG,000d,-40,ff:ff:10:d5:6f:2f,0,1895
2024-08-19 17:02:27,TAG,000e,-45,ff:ff:10:d5:6f:2f,0,1983
2024-08-19 17:02:27,HEARTBEAT,0010,,,0,1301
2024-08-19 17:02:27,TAG,0010,-27,ff:ff:10:d5:4d:85,0,1302
2024-08-19 17:02:28,TAG,000e,-46,ff:ff:10:d5:4d:85,0,1984
2024-08-19 17:02:28,TAG,000d,-44,ff:ff:10:d5:4d:85,0,1896
2024-08-19 17:02:28,TAG,0010,-41,ff:ff:10:d5:6f:2f,0,1303
2024-08-19 17:02:28,TAG,000e,-42,ff:ff:10:d5:6f:2f,0,1985
2024-08-19 17:02:29,TAG,000d,-39,ff:ff:10:d5:6f:2f,0,1897
2024-08-19 17:02:29,TAG,0010,-27,ff:ff:10:d5:4d:85,0,1304
2024-08-19 17:02:30,TAG,000d,-45,ff:ff:10:d5:4d:85,0,1898
2024-08-19 17:02:30,TAG,000e,-46,ff:ff:10:d5:4d:85,0,1986
2024-08-19 17:02:30,HEARTBEAT,0010,,,0,1305
2024-08-19 17:02:30,TAG,0010,-45,ff:ff:10:d5:6f:2f,0,1305
2024-08-19 17:02:31,TAG,000d,-38,ff:ff:10:d5:6f:2f,0,1899
2024-08-19 17:02:31,TAG,000e,-41,ff:ff:10:d5:6f:2f,0,1987
2024-08-19 17:02:31,TAG,0010,-27,ff:ff:10:d5:4d:85,0,1307
2024-08-19 17:02:32,TAG,000e,-50,ff:ff:10:d5:4d:85,0,1988
2024-08-19 17:02:32,TAG,0010,-45,ff:ff:10:d5:6f:2f,0,1308
2024-08-19 17:02:32,TAG,000d,-38,ff:ff:10:d5:6f:2f,0,1900
2024-08-19 17:02:33,TAG,000e,-44,ff:ff:10:d5:6f:2f,0,1989
2024-08-19 17:02:33,HEARTBEAT,0010,,,0,1309
2024-08-19 17:02:33,TAG,0010,-27,ff:ff:10:d5:4d:85,0,1310
2024-08-19 17:02:34,TAG,000d,-44,ff:ff:10:d5:4d:85,0,1901
2024-08-19 17:02:34,TAG,000e,-45,ff:ff:10:d5:4d:85,0,1990
2024-08-19 17:02:34,TAG,0010,-42,ff:ff:10:d5:6f:2f,0,1311
2024-08-19 17:02:35,TAG,000d,-38,ff:ff:10:d5:6f:2f,0,1902
2024-08-19 17:02:35,TAG,000e,-45,ff:ff:10:d5:6f:2f,0,1991
2024-08-19 17:02:36,TAG,0010,-26,ff:ff:10:d5:4d:85,0,1312
2024-08-19 17:02:36,TAG,000e,-47,ff:ff:10:d5:4d:85,0,1992
2024-08-19 17:02:36,TAG,000d,-45,ff:ff:10:d5:4d:85,0,1903
2024-08-19 17:02:36,HEARTBEAT,0010,,,0,1313
2024-08-19 17:02:37,TAG,000d,-39,ff:ff:10:d5:6f:2f,0,1904
2024-08-19 17:02:37,TAG,000e,-45,ff:ff:10:d5:6f:2f,0,1993
2024-08-19 17:02:37,TAG,0010,-27,ff:ff:10:d5:4d:85,0,1314
2024-08-19 17:02:38,TAG,000d,-44,ff:ff:10:d5:4d:85,0,1905
2024-08-19 17:02:38,TAG,000e,-45,ff:ff:10:d5:4d:85,0,1994
2024-08-19 17:02:38,TAG,0010,-45,ff:ff:10:d5:6f:2f,0,1315
2024-08-19 17:02:38,TAG,000e,-46,ff:ff:10:d5:6f:2f,0,1995
2024-08-19 17:02:39,HEARTBEAT,0010,,,0,1316
2024-08-19 17:02:40,TAG,0010,-27,ff:ff:10:d5:4d:85,0,1317
2024-08-19 17:02:40,TAG,000d,-48,ff:ff:10:d5:4d:85,0,1906
2024-08-19 17:02:40,TAG,000e,-47,ff:ff:10:d5:4d:85,0,1996
2024-08-19 17:02:40,TAG,0010,-45,ff:ff:10:d5:6f:2f,0,1318
2024-08-19 17:02:41,TAG,000d,-38,ff:ff:10:d5:6f:2f,0,1907
2024-08-19 17:02:41,TAG,000e,-41,ff:ff:10:d5:6f:2f,0,1997
2024-08-19 17:02:41,TAG,0010,-27,ff:ff:10:d5:4d:85,0,1319
2024-08-19 17:02:42,TAG,000e,-47,ff:ff:10:d5:4d:85,0,1998
2024-08-19 17:02:42,TAG,000d,-48,ff:ff:10:d5:4d:85,0,1908
2024-08-19 17:02:42,TAG,0010,-41,ff:ff:10:d5:6f:2f,0,1320
2024-08-19 17:02:42,HEARTBEAT,0010,,,0,1321
2024-08-19 17:02:43,TAG,000e,-41,ff:ff:10:d5:6f:2f,0,1999
2024-08-19 17:02:43,TAG,000d,-37,ff:ff:10:d5:6f:2f,0,1909
2024-08-19 17:02:43,TAG,0010,-27,ff:ff:10:d5:4d:85,0,1322
2024-08-19 17:02:44,TAG,000e,-50,ff:ff:10:d5:4d:85,0,2000
2024-08-19 17:02:44,TAG,000d,-44,ff:ff:10:d5:4d:85,0,1910
2024-08-19 17:02:44,TAG,0010,-42,ff:ff:10:d5:6f:2f,0,1323
2024-08-19 17:02:44,TAG,000d,-39,ff:ff:10:d5:6f:2f,0,1911
2024-08-19 17:02:46,HEARTBEAT,0010,,,0,1324
2024-08-19 17:02:46,TAG,0010,-28,ff:ff:10:d5:4d:85,0,1325
2024-08-19 17:02:46,TAG,000d,-45,ff:ff:10:d5:4d:85,0,1912
2024-08-19 17:02:46,TAG,000e,-46,ff:ff:10:d5:4d:85,0,2001
2024-08-19 17:02:47,TAG,000d,-39,ff:ff:10:d5:6f:2f,0,1913
2024-08-19 17:02:47,TAG,000e,-45,ff:ff:10:d5:6f:2f,0,2002
2024-08-19 17:02:47,TAG,0010,-27,ff:ff:10:d5:4d:85,0,1326
2024-08-19 17:02:48,TAG,000d,-49,ff:ff:10:d5:4d:85,0,1914
2024-08-19 17:02:48,TAG,000e,-47,ff:ff:10:d5:4d:85,0,2003
2024-08-19 17:02:48,TAG,0010,-41,ff:ff:10:d5:6f:2f,0,1327
2024-08-19 17:02:48,HEARTBEAT,0010,,,0,1328
2024-08-19 17:02:49,TAG,000d,-38,ff:ff:10:d5:6f:2f,0,1915
2024-08-19 17:02:49,TAG,000e,-41,ff:ff:10:d5:6f:2f,0,2004
2024-08-19 17:02:49,TAG,0010,-28,ff:ff:10:d5:4d:85,0,1329
2024-08-19 17:02:50,TAG,000d,-45,ff:ff:10:d5:4d:85,0,1916
2024-08-19 17:02:50,TAG,000e,-46,ff:ff:10:d5:4d:85,0,2005
2024-08-19 17:02:50,TAG,0010,-41,ff:ff:10:d5:6f:2f,0,1330
2024-08-19 17:02:50,TAG,000d,-39,ff:ff:10:d5:6f:2f,0,1917
2024-08-19 17:02:51,HEARTBEAT,0010,,,0,1331
2024-08-19 17:02:52,TAG,0010,-27,ff:ff:10:d5:4d:85,0,1332
2024-08-19 17:02:52,TAG,000e,-49,ff:ff:10:d5:4d:85,0,2006
2024-08-19 17:02:52,TAG,000d,-51,ff:ff:10:d5:4d:85,0,1918
2024-08-19 17:02:52,TAG,0010,-40,ff:ff:10:d5:6f:2f,0,1333
2024-08-19 17:02:53,TAG,000e,-42,ff:ff:10:d5:6f:2f,0,2007
2024-08-19 17:02:53,TAG,000d,-38,ff:ff:10:d5:6f:2f,0,1919
2024-08-19 17:02:53,TAG,0010,-27,ff:ff:10:d5:4d:85,0,1334
2024-08-19 17:02:54,TAG,000d,-45,ff:ff:10:d5:4d:85,0,1920
2024-08-19 17:02:54,TAG,000e,-44,ff:ff:10:d5:4d:85,0,2008
2024-08-19 17:02:54,TAG,0010,-40,ff:ff:10:d5:6f:2f,0,1335
2024-08-19 17:02:54,HEARTBEAT,0010,,,0,1336
2024-08-19 17:02:55,TAG,000e,-43,ff:ff:10:d5:6f:2f,0,2009
2024-08-19 17:02:55,TAG,000d,-39,ff:ff:10:d5:6f:2f,0,1921
2024-08-19 17:02:55,TAG,0010,-27,ff:ff:10:d5:4d:85,0,1337
2024-08-19 17:02:56,TAG,000d,-44,ff:ff:10:d5:4d:85,0,1922
2024-08-19 17:02:56,TAG,000e,-47,ff:ff:10:d5:4d:85,0,2010
2024-08-19 17:02:56,TAG,0010,-46,ff:ff:10:d5:6f:2f,0,1338
2024-08-19 17:02:56,TAG,000d,-38,ff:ff:10:d5:6f:2f,0,1923
2024-08-19 17:02:57,TAG,000e,-46,ff:ff:10:d5:6f:2f,0,2011
2024-08-19 17:02:57,HEARTBEAT,0010,,,0,1339
2024-08-19 17:02:58,TAG,0010,-27,ff:ff:10:d5:4d:85,0,1339
2024-08-19 17:02:58,TAG,000d,-44,ff:ff:10:d5:4d:85,0,1924
2024-08-19 17:02:58,TAG,000e,-46,ff:ff:10:d5:4d:85,0,2012
2024-08-19 17:02:58,TAG,0010,-41,ff:ff:10:d5:6f:2f,0,1341
2024-08-19 17:02:59,TAG,000e,-42,ff:ff:10:d5:6f:2f,0,2013
2024-08-19 17:02:59,TAG,0010,-28,ff:ff:10:d5:4d:85,0,1342
2024-08-19 17:03:00,TAG,000e,-50,ff:ff:10:d5:4d:85,0,2014
2024-08-19 17:03:00,TAG,000d,-44,ff:ff:10:d5:4d:85,0,1925
2024-08-19 17:03:00,TAG,0010,-41,ff:ff:10:d5:6f:2f,0,1343
2024-08-19 17:03:01,TAG,000d,-39,ff:ff:10:d5:6f:2f,0,1926
2024-08-19 17:03:01,HEARTBEAT,0010,,,0,1344
2024-08-19 17:03:01,TAG,000e,-42,ff:ff:10:d5:6f:2f,0,2015
2024-08-19 17:03:01,TAG,0010,-28,ff:ff:10:d5:4d:85,0,1345
2024-08-19 17:03:02,TAG,000e,-50,ff:ff:10:d5:4d:85,0,2016
2024-08-19 17:03:02,TAG,000d,-45,ff:ff:10:d5:4d:85,0,1927
2024-08-19 17:03:02,TAG,0010,-41,ff:ff:10:d5:6f:2f,0,1346
2024-08-19 17:03:02,TAG,000d,-38,ff:ff:10:d5:6f:2f,0,1928
2024-08-19 17:03:03,TAG,000e,-43,ff:ff:10:d5:6f:2f,0,2017
2024-08-19 17:03:03,TAG,0010,-27,ff:ff:10:d5:4d:85,0,1347
2024-08-19 17:03:04,TAG,000e,-45,ff:ff:10:d5:4d:85,0,2018
2024-08-19 17:03:04,HEARTBEAT,0010,,,0,1348
2024-08-19 17:03:04,TAG,0010,-49,ff:ff:10:d5:6f:2f,0,1349
2024-08-19 17:03:04,TAG,000d,-39,ff:ff:10:d5:6f:2f,0,1929
2024-08-19 17:03:05,TAG,000e,-43,ff:ff:10:d5:6f:2f,0,2019
2024-08-19 17:03:06,TAG,0010,-27,ff:ff:10:d5:4d:85,0,1350
2024-08-19 17:03:06,TAG,000e,-43,ff:ff:10:d5:4d:85,0,2020
2024-08-19 17:03:06,TAG,000d,-45,ff:ff:10:d5:4d:85,0,1930
2024-08-19 17:03:06,TAG,0010,-50,ff:ff:10:d5:6f:2f,0,1351
2024-08-19 17:03:07,TAG,000e,-46,ff:ff:10:d5:6f:2f,0,2021
2024-08-19 17:03:07,TAG,000d,-39,ff:ff:10:d5:6f:2f,0,1931
2024-08-19 17:03:07,HEARTBEAT,0010,,,0,1352
2024-08-19 17:03:08,TAG,0010,-28,ff:ff:10:d5:4d:85,0,1353
2024-08-19 17:03:08,TAG,000e,-46,ff:ff:10:d5:4d:85,0,2022
2024-08-19 17:03:08,TAG,0010,-44,ff:ff:10:d5:6f:2f,0,1354
2024-08-19 17:03:08,TAG,000d,-39,ff:ff:10:d5:6f:2f,0,1932
2024-08-19 17:03:09,TAG,000e,-42,ff:ff:10:d5:6f:2f,0,2023
2024-08-19 17:03:09,TAG,0010,-27,ff:ff:10:d5:4d:85,0,1355
2024-08-19 17:03:09,TAG,000d,-42,ff:ff:10:d5:4d:85,0,1933
2024-08-19 17:03:10,TAG,000e,-44,ff:ff:10:d5:4d:85,0,2024
2024-08-19 17:03:10,HEARTBEAT,0010,,,0,1356
2024-08-19 17:03:10,TAG,0010,-44,ff:ff:10:d5:6f:2f,0,1357
2024-08-19 17:03:11,TAG,000e,-41,ff:ff:10:d5:6f:2f,0,2025
2024-08-19 17:03:11,TAG,000d,-39,ff:ff:10:d5:6f:2f,0,1934
2024-08-19 17:03:12,TAG,0010,-25,ff:ff:10:d5:4d:85,0,1358
2024-08-19 17:03:12,TAG,000d,-42,ff:ff:10:d5:4d:85,0,1935
2024-08-19 17:03:12,TAG,000e,-48,ff:ff:10:d5:4d:85,0,2026
2024-08-19 17:03:12,TAG,0010,-46,ff:ff:10:d5:6f:2f,0,1359
2024-08-19 17:03:13,TAG,000e,-42,ff:ff:10:d5:6f:2f,0,2027
2024-08-19 17:03:13,TAG,000d,-38,ff:ff:10:d5:6f:2f,0,1936
2024-08-19 17:03:13,HEARTBEAT,0010,,,0,1360
2024-08-19 17:03:14,TAG,0010,-27,ff:ff:10:d5:4d:85,0,1361
2024-08-19 17:03:14,TAG,000e,-46,ff:ff:10:d5:4d:85,0,2028
2024-08-19 17:03:14,TAG,000d,-45,ff:ff:10:d5:4d:85,0,1937
2024-08-19 17:03:14,TAG,0010,-47,ff:ff:10:d5:6f:2f,0,1362
2024-08-19 17:03:14,TAG,000d,-38,ff:ff:10:d5:6f:2f,0,1938
2024-08-19 17:03:15,TAG,000e,-48,ff:ff:10:d5:6f:2f,0,2029
2024-08-19 17:03:15,TAG,0010,-27,ff:ff:10:d5:4d:85,0,1363
2024-08-19 17:03:15,TAG,000e,-44,ff:ff:10:d5:4d:85,0,2030
2024-08-19 17:03:16,TAG,000d,-45,ff:ff:10:d5:4d:85,0,1939
2024-08-19 17:03:16,HEARTBEAT,0010,,,0,1364
2024-08-19 17:03:16,TAG,0010,-45,ff:ff:10:d5:6f:2f,0,1365
2024-08-19 17:03:17,TAG,000d,-39,ff:ff:10:d5:6f:2f,0,1940
2024-08-19 17:03:18,TAG,0010,-27,ff:ff:10:d5:4d:85,0,1366
2024-08-19 17:03:18,TAG,000d,-44,ff:ff:10:d5:4d:85,0,1941
2024-08-19 17:03:18,TAG,000e,-47,ff:ff:10:d5:4d:85,0,2031
2024-08-19 17:03:18,TAG,0010,-46,ff:ff:10:d5:6f:2f,0,1367
2024-08-19 17:03:19,TAG,000d,-38,ff:ff:10:d5:6f:2f,0,1942
2024-08-19 17:03:19,TAG,000e,-42,ff:ff:10:d5:6f:2f,0,2032
2024-08-19 17:03:19,HEARTBEAT,0010,,,0,1368
2024-08-19 17:03:20,TAG,0010,-27,ff:ff:10:d5:4d:85,0,1369
2024-08-19 17:03:20,TAG,000d,-45,ff:ff:10:d5:4d:85,0,1943
2024-08-19 17:03:20,TAG,000e,-45,ff:ff:10:d5:4d:85,0,2033
2024-08-19 17:03:20,TAG,0010,-44,ff:ff:10:d5:6f:2f,0,1370
2024-08-19 17:03:20,TAG,000d,-38,ff:ff:10:d5:6f:2f,0,1944
2024-08-19 17:03:21,TAG,000e,-41,ff:ff:10:d5:6f:2f,0,2034
2024-08-19 17:03:21,TAG,0010,-27,ff:ff:10:d5:4d:85,0,1371
2024-08-19 17:03:22,TAG,000d,-48,ff:ff:10:d5:4d:85,0,1945
2024-08-19 17:03:22,HEARTBEAT,0010,,,0,1372
2024-08-19 17:03:22,TAG,0010,-42,ff:ff:10:d5:6f:2f,0,1373
2024-08-19 17:03:22,TAG,000e,-46,ff:ff:10:d5:6f:2f,0,2035
2024-08-19 17:03:23,TAG,000d,-38,ff:ff:10:d5:6f:2f,0,1946
2024-08-19 17:03:24,TAG,0010,-28,ff:ff:10:d5:4d:85,0,1374
2024-08-19 17:03:24,TAG,000d,-44,ff:ff:10:d5:4d:85,0,1947
2024-08-19 17:03:24,TAG,000e,-45,ff:ff:10:d5:4d:85,0,2036
2024-08-19 17:03:24,TAG,0010,-39,ff:ff:10:d5:6f:2f,0,1375
2024-08-19 17:03:25,TAG,000d,-45,ff:ff:10:d5:4d:85,0,1948
2024-08-19 17:03:25,TAG,000e,-46,ff:ff:10:d5:6f:2f,0,2037
2024-08-19 17:03:25,HEARTBEAT,0010,,,0,1376
2024-08-19 17:03:26,TAG,000d,-39,ff:ff:10:d5:6f:2f,0,1949
2024-08-19 17:03:26,TAG,000e,-44,ff:ff:10:d5:4d:85,0,2038
2024-08-19 17:03:26,TAG,0010,-37,ff:ff:10:d5:6f:2f,0,1377
2024-08-19 17:03:27,TAG,000e,-43,ff:ff:10:d5:6f:2f,0,2039
2024-08-19 17:03:27,TAG,0010,-28,ff:ff:10:d5:4d:85,0,1378
2024-08-19 17:03:28,TAG,000d,-51,ff:ff:10:d5:4d:85,0,1950
2024-08-19 17:03:28,TAG,000e,-43,ff:ff:10:d5:4d:85,0,2040
2024-08-19 17:03:28,HEARTBEAT,0010,,,0,1379
2024-08-19 17:03:28,TAG,0010,-41,ff:ff:10:d5:6f:2f,0,1380
2024-08-19 17:03:29,TAG,000d,-37,ff:ff:10:d5:6f:2f,0,1951
2024-08-19 17:03:29,TAG,000e,-40,ff:ff:10:d5:6f:2f,0,2041
2024-08-19 17:03:29,TAG,000e,-43,ff:ff:10:d5:6f:2f,0,2042
2024-08-19 17:03:29,TAG,0010,-27,ff:ff:10:d5:4d:85,0,1381
2024-08-19 17:03:30,TAG,0010,-41,ff:ff:10:d5:6f:2f,0,1382
2024-08-19 17:03:30,TAG,000d,-43,ff:ff:10:d5:6f:2f,0,1952
2024-08-19 17:03:30,TAG,000e,-42,ff:ff:10:d5:6f:2f,0,2043
2024-08-19 17:03:31,HEARTBEAT,0010,,,0,1383
2024-08-19 17:03:32,TAG,0010,-27,ff:ff:10:d5:4d:85,0,1384
2024-08-19 17:03:32,TAG,000d,-44,ff:ff:10:d5:4d:85,0,1953
2024-08-19 17:03:32,TAG,000e,-48,ff:ff:10:d5:4d:85,0,2044
2024-08-19 17:03:32,TAG,0010,-41,ff:ff:10:d5:6f:2f,0,1385
2024-08-19 17:03:33,TAG,000d,-37,ff:ff:10:d5:6f:2f,0,1954
2024-08-19 17:03:33,TAG,000e,-45,ff:ff:10:d5:6f:2f,0,2045
2024-08-19 17:03:33,TAG,0010,-27,ff:ff:10:d5:4d:85,0,1386
2024-08-19 17:03:34,TAG,000e,-43,ff:ff:10:d5:4d:85,0,2046
2024-08-19 17:03:34,TAG,000d,-44,ff:ff:10:d5:4d:85,0,1955
2024-08-19 17:03:34,HEARTBEAT,0010,,,0,1387
2024-08-19 17:03:34,TAG,0010,-42,ff:ff:10:d5:6f:2f,0,1388
2024-08-19 17:03:35,TAG,000e,-42,ff:ff:10:d5:6f:2f,0,2047
2024-08-19 17:03:35,TAG,000d,-37,ff:ff:10:d5:6f:2f,0,1956
2024-08-19 17:03:35,TAG,0010,-28,ff:ff:10:d5:4d:85,0,1389
2024-08-19 17:03:36,TAG,000d,-45,ff:ff:10:d5:4d:85,0,1957
2024-08-19 17:03:36,TAG,000e,-44,ff:ff:10:d5:4d:85,0,2048
2024-08-19 17:03:36,TAG,0010,-42,ff:ff:10:d5:6f:2f,0,1390
2024-08-19 17:03:36,TAG,000d,-37,ff:ff:10:d5:6f:2f,0,1958
2024-08-19 17:03:37,TAG,000e,-42,ff:ff:10:d5:6f:2f,0,2049
2024-08-19 17:03:37,HEARTBEAT,0010,,,0,1391
2024-08-19 17:03:38,TAG,0010,-27,ff:ff:10:d5:4d:85,0,1392
2024-08-19 17:03:38,TAG,000e,-48,ff:ff:10:d5:4d:85,0,2050
2024-08-19 17:03:38,TAG,000d,-44,ff:ff:10:d5:4d:85,0,1959
2024-08-19 17:03:38,TAG,0010,-41,ff:ff:10:d5:6f:2f,0,1393
2024-08-19 17:03:39,TAG,000d,-38,ff:ff:10:d5:6f:2f,0,1960
2024-08-19 17:03:39,TAG,000e,-44,ff:ff:10:d5:6f:2f,0,2051
2024-08-19 17:03:39,TAG,0010,-27,ff:ff:10:d5:4d:85,0,1394
2024-08-19 17:03:40,TAG,000e,-44,ff:ff:10:d5:4d:85,0,2052
2024-08-19 17:03:40,TAG,000d,-44,ff:ff:10:d5:4d:85,0,1961
2024-08-19 17:03:40,TAG,0010,-50,ff:ff:10:d5:6f:2f,0,1395
2024-08-19 17:03:40,HEARTBEAT,0010,,,0,1395
2024-08-19 17:03:41,TAG,000e,-44,ff:ff:10:d5:6f:2f,0,2053
2024-08-19 17:03:41,TAG,000d,-40,ff:ff:10:d5:6f:2f,0,1962
2024-08-19 17:03:41,TAG,0010,-28,ff:ff:10:d5:4d:85,0,1397
2024-08-19 17:03:42,TAG,000d,-44,ff:ff:10:d5:4d:85,0,1963
2024-08-19 17:03:42,TAG,000e,-43,ff:ff:10:d5:4d:85,0,2054
2024-08-19 17:03:42,TAG,0010,-42,ff:ff:10:d5:6f:2f,0,1398
2024-08-19 17:03:43,TAG,000e,-42,ff:ff:10:d5:6f:2f,0,2055
2024-08-19 17:03:43,TAG,000d,-37,ff:ff:10:d5:6f:2f,0,1964
2024-08-19 17:03:44,HEARTBEAT,0010,,,0,1399
2024-08-19 17:03:44,TAG,0010,-28,ff:ff:10:d5:4d:85,0,1400
2024-08-19 17:03:44,TAG,000d,-49,ff:ff:10:d5:4d:85,0,1965
2024-08-19 17:03:44,TAG,000e,-45,ff:ff:10:d5:4d:85,0,2056
2024-08-19 17:03:44,TAG,0010,-46,ff:ff:10:d5:6f:2f,0,1401
2024-08-19 17:03:45,TAG,000d,-38,ff:ff:10:d5:6f:2f,0,1966
2024-08-19 17:03:45,TAG,000e,-42,ff:ff:10:d5:6f:2f,0,2057
2024-08-19 17:03:45,TAG,0010,-28,ff:ff:10:d5:4d:85,0,1402
2024-08-19 17:03:46,TAG,000d,-47,ff:ff:10:d5:4d:85,0,1967
2024-08-19 17:03:46,TAG,000e,-50,ff:ff:10:d5:4d:85,0,2058
2024-08-19 17:03:46,TAG,0010,-42,ff:ff:10:d5:6f:2f,0,1403
2024-08-19 17:03:47,HEARTBEAT,0010,,,0,1404
2024-08-19 17:03:47,TAG,000e,-43,ff:ff:10:d5:6f:2f,0,2059
2024-08-19 17:03:47,TAG,000d,-38,ff:ff:10:d5:6f:2f,0,1968
2024-08-19 17:03:47,TAG,0010,-27,ff:ff:10:d5:4d:85,0,1405
2024-08-19 17:03:47,TAG,000e,-43,ff:ff:10:d5:4d:85,0,2060
2024-08-19 17:03:48,TAG,000d,-45,ff:ff:10:d5:4d:85,0,1969
2024-08-19 17:03:48,TAG,0010,-43,ff:ff:10:d5:6f:2f,0,1406
2024-08-19 17:03:48,TAG,000d,-39,ff:ff:10:d5:6f:2f,0,1970
2024-08-19 17:03:50,HEARTBEAT,0010,,,0,1407
2024-08-19 17:03:50,TAG,0010,-28,ff:ff:10:d5:4d:85,0,1408
2024-08-19 17:03:50,TAG,000d,-44,ff:ff:10:d5:4d:85,0,1971
2024-08-19 17:03:50,TAG,000e,-47,ff:ff:10:d5:4d:85,0,2061
2024-08-19 17:03:50,TAG,0010,-42,ff:ff:10:d5:6f:2f,0,1409
2024-08-19 17:03:51,TAG,000e,-42,ff:ff:10:d5:6f:2f,0,2062
2024-08-19 17:03:51,TAG,000d,-37,ff:ff:10:d5:6f:2f,0,1972
2024-08-19 17:03:51,TAG,0010,-28,ff:ff:10:d5:4d:85,0,1410
2024-08-19 17:03:52,TAG,000d,-44,ff:ff:10:d5:4d:85,0,1973
2024-08-19 17:03:52,TAG,000e,-44,ff:ff:10:d5:4d:85,0,2063
2024-08-19 17:03:52,TAG,0010,-42,ff:ff:10:d5:6f:2f,0,1411
2024-08-19 17:03:53,HEARTBEAT,0010,,,0,1412
2024-08-19 17:03:53,TAG,000e,-42,ff:ff:10:d5:6f:2f,0,2064
2024-08-19 17:03:53,TAG,000d,-37,ff:ff:10:d5:6f:2f,0,1974
2024-08-19 17:03:53,TAG,0010,-28,ff:ff:10:d5:4d:85,0,1413
2024-08-19 17:03:53,TAG,000d,-47,ff:ff:10:d5:4d:85,0,1975
2024-08-19 17:03:54,TAG,000e,-48,ff:ff:10:d5:4d:85,0,2065
2024-08-19 17:03:56,HEARTBEAT,0010,,,0,1414
2024-08-19 17:03:56,TAG,0010,-28,ff:ff:10:d5:4d:85,0,1415
2024-08-19 17:03:56,TAG,000d,-50,ff:ff:10:d5:4d:85,0,1976
2024-08-19 17:03:56,TAG,0010,-43,ff:ff:10:d5:6f:2f,0,1416
2024-08-19 17:03:57,TAG,000e,-42,ff:ff:10:d5:6f:2f,0,2066
2024-08-19 17:03:58,TAG,0010,-28,ff:ff:10:d5:4d:85,0,1417
2024-08-19 17:03:58,TAG,000d,-44,ff:ff:10:d5:4d:85,0,1977
2024-08-19 17:03:58,TAG,000e,-43,ff:ff:10:d5:4d:85,0,2067
2024-08-19 17:03:58,TAG,0010,-41,ff:ff:10:d5:6f:2f,0,1418
2024-08-19 17:03:59,HEARTBEAT,0010,,,0,1419
2024-08-19 17:04:00,TAG,0010,-27,ff:ff:10:d5:4d:85,0,1420
2024-08-19 17:04:00,TAG,000e,-45,ff:ff:10:d5:4d:85,0,2068
2024-08-19 17:04:00,TAG,000d,-45,ff:ff:10:d5:4d:85,0,1978
2024-08-19 17:04:02,HEARTBEAT,0010,,,0,1421
2024-08-19 17:04:02,TAG,0010,-28,ff:ff:10:d5:4d:85,0,1421
2024-08-19 17:04:02,TAG,000e,-50,ff:ff:10:d5:4d:85,0,2069
2024-08-19 17:04:02,TAG,000d,-45,ff:ff:10:d5:4d:85,0,1979
2024-08-19 17:04:03,TAG,000e,-43,ff:ff:10:d5:6f:2f,0,2070
2024-08-19 17:04:03,TAG,0010,-28,ff:ff:10:d5:4d:85,0,1423
2024-08-19 17:04:04,TAG,000e,-44,ff:ff:10:d5:4d:85,0,2071
2024-08-19 17:04:04,TAG,000d,-45,ff:ff:10:d5:4d:85,0,1980
2024-08-19 17:04:04,TAG,0010,-47,ff:ff:10:d5:6f:2f,0,1424
2024-08-19 17:04:05,TAG,000d,-40,ff:ff:10:d5:6f:2f,0,1981
2024-08-19 17:04:05,HEARTBEAT,0010,,,0,1425
2024-08-19 17:04:05,TAG,000e,-42,ff:ff:10:d5:6f:2f,0,2072
2024-08-19 17:04:05,TAG,0010,-28,ff:ff:10:d5:4d:85,0,1426
2024-08-19 17:04:06,TAG,000d,-45,ff:ff:10:d5:4d:85,0,1982
2024-08-19 17:04:06,TAG,000e,-45,ff:ff:10:d5:4d:85,0,2073
2024-08-19 17:04:06,TAG,0010,-47,ff:ff:10:d5:6f:2f,0,1427
2024-08-19 17:04:07,TAG,000d,-38,ff:ff:10:d5:6f:2f,0,1983
2024-08-19 17:04:07,TAG,000e,-42,ff:ff:10:d5:6f:2f,0,2074
2024-08-19 17:04:07,TAG,0010,-27,ff:ff:10:d5:4d:85,0,1428
2024-08-19 17:04:08,TAG,000e,-45,ff:ff:10:d5:4d:85,0,2075
2024-08-19 17:04:08,HEARTBEAT,0010,,,0,1429
2024-08-19 17:04:08,TAG,000d,-48,ff:ff:10:d5:4d:85,0,1984
2024-08-19 17:04:08,TAG,0010,-44,ff:ff:10:d5:6f:2f,0,1430
2024-08-19 17:04:09,TAG,000e,-46,ff:ff:10:d5:6f:2f,0,2076
2024-08-19 17:04:09,TAG,000d,-40,ff:ff:10:d5:6f:2f,0,1985
2024-08-19 17:04:09,TAG,0010,-28,ff:ff:10:d5:4d:85,0,1431
2024-08-19 17:04:10,TAG,000d,-45,ff:ff:10:d5:4d:85,0,1986
2024-08-19 17:04:10,TAG,000e,-48,ff:ff:10:d5:4d:85,0,2077
2024-08-19 17:04:10,TAG,000d,-37,ff:ff:10:d5:6f:2f,0,1987
2024-08-19 17:04:11,TAG,000e,-44,ff:ff:10:d5:6f:2f,0,2078
2024-08-19 17:04:11,HEARTBEAT,0010,,,0,1432
2024-08-19 17:04:11,TAG,0010,-28,ff:ff:10:d5:4d:85,0,1433
2024-08-19 17:04:11,TAG,000d,-45,ff:ff:10:d5:4d:85,0,1988
2024-08-19 17:04:12,TAG,000e,-40,ff:ff:10:d5:4d:85,0,2079
2024-08-19 17:04:12,TAG,0010,-47,ff:ff:10:d5:6f:2f,0,1434
2024-08-19 17:04:12,TAG,000e,-42,ff:ff:10:d5:6f:2f,0,2080
2024-08-19 17:04:13,TAG,000d,-38,ff:ff:10:d5:6f:2f,0,1989
2024-08-19 17:04:14,TAG,0010,-28,ff:ff:10:d5:4d:85,0,1435
2024-08-19 17:04:14,TAG,000e,-45,ff:ff:10:d5:4d:85,0,2081
2024-08-19 17:04:14,TAG,000d,-45,ff:ff:10:d5:4d:85,0,1990
2024-08-19 17:04:15,HEARTBEAT,0010,,,0,1436
2024-08-19 17:04:16,TAG,0010,-28,ff:ff:10:d5:4d:85,0,1437
2024-08-19 17:04:16,TAG,000d,-48,ff:ff:10:d5:4d:85,0,1991
2024-08-19 17:04:16,TAG,000e,-45,ff:ff:10:d5:4d:85,0,2082
2024-08-19 17:04:16,TAG,0010,-43,ff:ff:10:d5:6f:2f,0,1438
2024-08-19 17:04:17,TAG,000e,-48,ff:ff:10:d5:6f:2f,0,2083
2024-08-19 17:04:17,TAG,000d,-39,ff:ff:10:d5:6f:2f,0,1992
2024-08-19 17:04:17,HEARTBEAT,0010,,,0,1439
2024-08-19 17:04:18,TAG,000d,-44,ff:ff:10:d5:4d:85,0,1993
2024-08-19 17:04:18,TAG,000e,-51,ff:ff:10:d5:4d:85,0,2084
2024-08-19 17:04:18,TAG,0010,-43,ff:ff:10:d5:6f:2f,0,1440
2024-08-19 17:04:19,TAG,000d,-37,ff:ff:10:d5:6f:2f,0,1994
2024-08-19 17:04:20,TAG,0010,-27,ff:ff:10:d5:4d:85,0,1441
2024-08-19 17:04:20,TAG,000d,-44,ff:ff:10:d5:4d:85,0,1995
2024-08-19 17:04:20,TAG,000e,-45,ff:ff:10:d5:4d:85,0,2085
2024-08-19 17:04:21,HEARTBEAT,0010,,,0,1442
2024-08-19 17:04:22,TAG,0010,-28,ff:ff:10:d5:4d:85,0,1443
2024-08-19 17:04:22,TAG,000d,-47,ff:ff:10:d5:4d:85,0,1996
2024-08-19 17:04:22,TAG,000e,-44,ff:ff:10:d5:4d:85,0,2086
2024-08-19 17:04:22,TAG,0010,-42,ff:ff:10:d5:6f:2f,0,1444
2024-08-19 17:04:23,TAG,000e,-43,ff:ff:10:d5:6f:2f,0,2087
2024-08-19 17:04:23,HEARTBEAT,0010,,,0,1445
2024-08-19 17:04:23,TAG,0010,-28,ff:ff:10:d5:4d:85,0,1446
2024-08-19 17:04:24,TAG,000e,-48,ff:ff:10:d5:4d:85,0,2088
2024-08-19 17:04:24,TAG,000d,-48,ff:ff:10:d5:4d:85,0,1997
2024-08-19 17:04:24,TAG,0010,-46,ff:ff:10:d5:6f:2f,0,1447
2024-08-19 17:04:25,TAG,000e,-49,ff:ff:10:d5:6f:2f,0,2089
2024-08-19 17:04:26,TAG,0010,-28,ff:ff:10:d5:4d:85,0,1448
2024-08-19 17:04:26,TAG,000e,-51,ff:ff:10:d5:4d:85,0,2090
2024-08-19 17:04:26,TAG,000d,-47,ff:ff:10:d5:4d:85,0,1998
2024-08-19 17:04:26,HEARTBEAT,0010,,,0,1449
2024-08-19 17:04:26,TAG,0010,-43,ff:ff:10:d5:6f:2f,0,1450
2024-08-19 17:04:27,TAG,000d,-40,ff:ff:10:d5:6f:2f,0,1999
2024-08-19 17:04:27,TAG,000e,-45,ff:ff:10:d5:6f:2f,0,2091
2024-08-19 17:04:27,TAG,0010,-28,ff:ff:10:d5:4d:85,0,1451
2024-08-19 17:04:28,TAG,000d,-44,ff:ff:10:d5:4d:85,0,2000
2024-08-19 17:04:28,TAG,000e,-48,ff:ff:10:d5:4d:85,0,2092
2024-08-19 17:04:28,TAG,0010,-46,ff:ff:10:d5:6f:2f,0,1452
2024-08-19 17:04:29,TAG,000e,-43,ff:ff:10:d5:6f:2f,0,2093
2024-08-19 17:04:29,HEARTBEAT,0010,,,0,1453
2024-08-19 17:04:30,TAG,000d,-44,ff:ff:10:d5:4d:85,0,2001
2024-08-19 17:04:30,TAG,000e,-48,ff:ff:10:d5:4d:85,0,2094
2024-08-19 17:04:31,TAG,0010,-47,ff:ff:10:d5:6f:2f,0,1454
2024-08-19 17:04:31,TAG,000e,-44,ff:ff:10:d5:6f:2f,0,2095
2024-08-19 17:04:31,TAG,000d,-37,ff:ff:10:d5:6f:2f,0,2002
2024-08-19 17:04:32,TAG,000d,-45,ff:ff:10:d5:4d:85,0,2003
2024-08-19 17:04:32,HEARTBEAT,0010,,,0,1455
2024-08-19 17:04:32,TAG,0010,-48,ff:ff:10:d5:6f:2f,0,1456
2024-08-19 17:04:32,TAG,000e,-43,ff:ff:10:d5:6f:2f,0,2096
2024-08-19 17:04:33,TAG,000d,-38,ff:ff:10:d5:6f:2f,0,2004
2024-08-19 17:04:34,TAG,0010,-28,ff:ff:10:d5:4d:85,0,1457
2024-08-19 17:04:34,TAG,000d,-45,ff:ff:10:d5:4d:85,0,2005
2024-08-19 17:04:34,TAG,000e,-44,ff:ff:10:d5:4d:85,0,2097
2024-08-19 17:04:35,TAG,0010,-43,ff:ff:10:d5:6f:2f,0,1458
2024-08-19 17:04:35,TAG,000d,-37,ff:ff:10:d5:6f:2f,0,2006
2024-08-19 17:04:35,TAG,000e,-42,ff:ff:10:d5:6f:2f,0,2098
2024-08-19 17:04:35,HEARTBEAT,0010,,,0,1459
2024-08-19 17:04:36,TAG,0010,-27,ff:ff:10:d5:4d:85,0,1460
2024-08-19 17:04:36,TAG,000d,-45,ff:ff:10:d5:4d:85,0,2007
2024-08-19 17:04:36,TAG,000e,-44,ff:ff:10:d5:4d:85,0,2099
2024-08-19 17:04:36,TAG,0010,-41,ff:ff:10:d5:6f:2f,0,1461
2024-08-19 17:04:37,TAG,000d,-38,ff:ff:10:d5:6f:2f,0,2008
2024-08-19 17:04:37,TAG,000e,-42,ff:ff:10:d5:6f:2f,0,2100
2024-08-19 17:04:38,TAG,0010,-27,ff:ff:10:d5:4d:85,0,1462
2024-08-19 17:04:38,TAG,000d,-48,ff:ff:10:d5:4d:85,0,2009
2024-08-19 17:04:38,TAG,000e,-51,ff:ff:10:d5:4d:85,0,2101
2024-08-19 17:04:38,HEARTBEAT,0010,,,0,1463
2024-08-19 17:04:38,TAG,0010,-41,ff:ff:10:d5:6f:2f,0,1464
2024-08-19 17:04:39,TAG,000d,-40,ff:ff:10:d5:6f:2f,0,2010
2024-08-19 17:04:39,TAG,000e,-45,ff:ff:10:d5:6f:2f,0,2102
2024-08-19 17:04:39,TAG,0010,-27,ff:ff:10:d5:4d:85,0,1465
2024-08-19 17:04:40,TAG,000e,-43,ff:ff:10:d5:4d:85,0,2103
2024-08-19 17:04:40,TAG,000d,-44,ff:ff:10:d5:4d:85,0,2011
2024-08-19 17:04:40,TAG,0010,-43,ff:ff:10:d5:6f:2f,0,1466
2024-08-19 17:04:41,TAG,000e,-42,ff:ff:10:d5:6f:2f,0,2104
2024-08-19 17:04:42,HEARTBEAT,0010,,,0,1467
2024-08-19 17:04:42,TAG,0010,-27,ff:ff:10:d5:4d:85,0,1468
2024-08-19 17:04:42,TAG,000e,-45,ff:ff:10:d5:4d:85,0,2105
2024-08-19 17:04:42,TAG,0010,-41,ff:ff:10:d5:6f:2f,0,1469
2024-08-19 17:04:42,TAG,000d,-40,ff:ff:10:d5:6f:2f,0,2012
2024-08-19 17:04:43,TAG,000e,-42,ff:ff:10:d5:6f:2f,0,2106
2024-08-19 17:04:43,TAG,000e,-42,ff:ff:10:d5:6f:2f,0,2107
2024-08-19 17:04:44,TAG,0010,-28,ff:ff:10:d5:4d:85,0,1470
2024-08-19 17:04:44,TAG,000d,-51,ff:ff:10:d5:4d:85,0,2013
2024-08-19 17:04:45,TAG,0010,-48,ff:ff:10:d5:6f:2f,0,1471
2024-08-19 17:04:45,HEARTBEAT,0010,,,0,1471
2024-08-19 17:04:45,TAG,000e,-45,ff:ff:10:d5:4d:85,0,2108
2024-08-19 17:04:45,TAG,000d,-38,ff:ff:10:d5:6f:2f,0,2014
2024-08-19 17:04:46,TAG,000e,-42,ff:ff:10:d5:6f:2f,0,2109
2024-08-19 17:04:46,TAG,0010,-28,ff:ff:10:d5:4d:85,0,1473
2024-08-19 17:04:46,TAG,000d,-48,ff:ff:10:d5:4d:85,0,2015
2024-08-19 17:04:47,TAG,0010,-43,ff:ff:10:d5:6f:2f,0,1474
2024-08-19 17:04:47,TAG,000e,-44,ff:ff:10:d5:4d:85,0,2110
2024-08-19 17:04:47,TAG,000d,-40,ff:ff:10:d5:6f:2f,0,2016
2024-08-19 17:04:48,HEARTBEAT,0010,,,0,1475
2024-08-19 17:04:48,TAG,000e,-42,ff:ff:10:d5:6f:2f,0,2111
2024-08-19 17:04:48,TAG,000d,-50,ff:ff:10:d5:4d:85,0,2017
2024-08-19 17:04:49,TAG,000e,-48,ff:ff:10:d5:4d:85,0,2112
2024-08-19 17:04:50,TAG,0010,-27,ff:ff:10:d5:4d:85,0,1476
2024-08-19 17:04:50,TAG,000e,-43,ff:ff:10:d5:4d:85,0,2113
2024-08-19 17:04:50,TAG,000d,-48,ff:ff:10:d5:4d:85,0,2018
2024-08-19 17:04:50,TAG,0010,-42,ff:ff:10:d5:6f:2f,0,1477
2024-08-19 17:04:51,HEARTBEAT,0010,,,0,1478
2024-08-19 17:04:51,TAG,000e,-43,ff:ff:10:d5:6f:2f,0,2114
2024-08-19 17:04:51,TAG,0010,-27,ff:ff:10:d5:4d:85,0,1479
2024-08-19 17:04:52,TAG,000d,-48,ff:ff:10:d5:4d:85,0,2019
2024-08-19 17:04:52,TAG,000e,-43,ff:ff:10:d5:4d:85,0,2115
2024-08-19 17:04:52,TAG,0010,-42,ff:ff:10:d5:6f:2f,0,1480
2024-08-19 17:04:53,TAG,000e,-42,ff:ff:10:d5:6f:2f,0,2116
2024-08-19 17:04:53,TAG,000d,-40,ff:ff:10:d5:6f:2f,0,2020
2024-08-19 17:04:54,HEARTBEAT,0010,,,0,1481
2024-08-19 17:04:54,TAG,0010,-27,ff:ff:10:d5:4d:85,0,1482
2024-08-19 17:04:54,TAG,000d,-45,ff:ff:10:d5:4d:85,0,2021
2024-08-19 17:04:54,TAG,000e,-45,ff:ff:10:d5:4d:85,0,2117
2024-08-19 17:04:54,TAG,0010,-42,ff:ff:10:d5:6f:2f,0,1483
2024-08-19 17:04:55,TAG,000d,-37,ff:ff:10:d5:6f:2f,0,2022
2024-08-19 17:04:55,TAG,000e,-42,ff:ff:10:d5:6f:2f,0,2118
2024-08-19 17:04:55,TAG,0010,-27,ff:ff:10:d5:4d:85,0,1484
2024-08-19 17:04:56,TAG,000d,-45,ff:ff:10:d5:4d:85,0,2023
2024-08-19 17:04:56,TAG,000e,-44,ff:ff:10:d5:4d:85,0,2119
2024-08-19 17:04:56,TAG,0010,-43,ff:ff:10:d5:6f:2f,0,1485
2024-08-19 17:04:57,HEARTBEAT,0010,,,0,1486
2024-08-19 17:04:57,TAG,000d,-37,ff:ff:10:d5:6f:2f,0,2024
2024-08-19 17:04:57,TAG,000e,-42,ff:ff:10:d5:6f:2f,0,2120
2024-08-19 17:04:57,TAG,0010,-27,ff:ff:10:d5:4d:85,0,1487
2024-08-19 17:04:58,TAG,000e,-48,ff:ff:10:d5:4d:85,0,2121
2024-08-19 17:04:58,TAG,000d,-45,ff:ff:10:d5:4d:85,0,2025
2024-08-19 17:04:58,TAG,0010,-44,ff:ff:10:d5:6f:2f,0,1488
2024-08-19 17:04:59,TAG,000e,-42,ff:ff:10:d5:6f:2f,0,2122
2024-08-19 17:04:59,TAG,000d,-38,ff:ff:10:d5:6f:2f,0,2026
2024-08-19 17:05:00,HEARTBEAT,0010,,,0,1489
2024-08-19 17:05:00,TAG,0010,-28,ff:ff:10:d5:4d:85,0,1490
2024-08-19 17:05:00,TAG,000d,-45,ff:ff:10:d5:4d:85,0,2027
2024-08-19 17:05:00,TAG,000e,-45,ff:ff:10:d5:4d:85,0,2123
2024-08-19 17:05:01,TAG,000e,-42,ff:ff:10:d5:6f:2f,0,2124
2024-08-19 17:05:01,TAG,000d,-38,ff:ff:10:d5:6f:2f,0,2028
2024-08-19 17:05:01,TAG,0010,-28,ff:ff:10:d5:4d:85,0,1491
2024-08-19 17:05:02,TAG,000d,-51,ff:ff:10:d5:4d:85,0,2029
2024-08-19 17:05:02,TAG,000e,-48,ff:ff:10:d5:4d:85,0,2125
2024-08-19 17:05:02,TAG,0010,-46,ff:ff:10:d5:6f:2f,0,1492
2024-08-19 17:05:03,HEARTBEAT,0010,,,0,1493
2024-08-19 17:05:03,TAG,000d,-39,ff:ff:10:d5:6f:2f,0,2030
2024-08-19 17:05:05,TAG,0010,-43,ff:ff:10:d5:6f:2f,0,1494
2024-08-19 17:05:05,TAG,000e,-42,ff:ff:10:d5:6f:2f,0,2126
2024-08-19 17:05:06,HEARTBEAT,0010,,,0,1495
2024-08-19 17:05:06,TAG,0010,-27,ff:ff:10:d5:4d:85,0,1495
2024-08-19 17:05:06,TAG,000e,-43,ff:ff:10:d5:4d:85,0,2127
2024-08-19 17:05:06,TAG,000d,-44,ff:ff:10:d5:4d:85,0,2031
2024-08-19 17:05:06,TAG,0010,-41,ff:ff:10:d5:6f:2f,0,1497
2024-08-19 17:05:07,TAG,000e,-43,ff:ff:10:d5:6f:2f,0,2128
2024-08-19 17:05:07,TAG,000d,-37,ff:ff:10:d5:6f:2f,0,2032
2024-08-19 17:05:07,TAG,0010,-28,ff:ff:10:d5:4d:85,0,1498
2024-08-19 17:05:08,TAG,000d,-44,ff:ff:10:d5:4d:85,0,2033
2024-08-19 17:05:08,TAG,000e,-45,ff:ff:10:d5:4d:85,0,2129
2024-08-19 17:05:08,TAG,0010,-48,ff:ff:10:d5:6f:2f,0,1499
2024-08-19 17:05:09,TAG,000e,-42,ff:ff:10:d5:6f:2f,0,2130
2024-08-19 17:05:09,HEARTBEAT,0010,,,0,1500
2024-08-19 17:05:09,TAG,000d,-38,ff:ff:10:d5:6f:2f,0,2034
2024-08-19 17:05:09,TAG,0010,-28,ff:ff:10:d5:4d:85,0,1501
2024-08-19 17:05:10,TAG,000e,-48,ff:ff:10:d5:4d:85,0,2131
2024-08-19 17:05:10,TAG,000d,-48,ff:ff:10:d5:4d:85,0,2035
2024-08-19 17:05:10,TAG,0010,-48,ff:ff:10:d5:6f:2f,0,1502
2024-08-19 17:05:11,TAG,000d,-40,ff:ff:10:d5:6f:2f,0,2036
2024-08-19 17:05:11,TAG,000e,-44,ff:ff:10:d5:6f:2f,0,2132
2024-08-19 17:05:12,HEARTBEAT,0010,,,0,1503
2024-08-19 17:05:12,TAG,0010,-42,ff:ff:10:d5:6f:2f,0,1504
2024-08-19 17:05:12,TAG,000d,-39,ff:ff:10:d5:6f:2f,0,2037
2024-08-19 17:05:14,TAG,0010,-28,ff:ff:10:d5:4d:85,0,1505
2024-08-19 17:05:14,TAG,000e,-45,ff:ff:10:d5:4d:85,0,2133
2024-08-19 17:05:14,TAG,000d,-45,ff:ff:10:d5:4d:85,0,2038
2024-08-19 17:05:15,TAG,000d,-40,ff:ff:10:d5:6f:2f,0,2039
2024-08-19 17:05:15,TAG,000e,-44,ff:ff:10:d5:6f:2f,0,2134
2024-08-19 17:05:15,HEARTBEAT,0010,,,0,1506
2024-08-19 17:05:16,TAG,0010,-27,ff:ff:10:d5:4d:85,0,1507
2024-08-19 17:05:16,TAG,000d,-44,ff:ff:10:d5:4d:85,0,2040
2024-08-19 17:05:16,TAG,000e,-44,ff:ff:10:d5:4d:85,0,2135
2024-08-19 17:05:16,TAG,0010,-42,ff:ff:10:d5:6f:2f,0,1508
2024-08-19 17:05:17,TAG,000e,-42,ff:ff:10:d5:6f:2f,0,2136
2024-08-19 17:05:17,TAG,000d,-38,ff:ff:10:d5:6f:2f,0,2041
2024-08-19 17:05:18,TAG,0010,-28,ff:ff:10:d5:4d:85,0,1509
2024-08-19 17:05:18,TAG,000d,-45,ff:ff:10:d5:4d:85,0,2042
2024-08-19 17:05:18,TAG,000e,-45,ff:ff:10:d5:4d:85,0,2137
2024-08-19 17:05:19,HEARTBEAT,0010,,,0,1510
2024-08-19 17:05:20,TAG,0010,-28,ff:ff:10:d5:4d:85,0,1511
2024-08-19 17:05:20,TAG,000d,-47,ff:ff:10:d5:4d:85,0,2043
2024-08-19 17:05:20,TAG,000e,-48,ff:ff:10:d5:4d:85,0,2138
2024-08-19 17:05:21,TAG,0010,-46,ff:ff:10:d5:6f:2f,0,1512
2024-08-19 17:05:21,TAG,000d,-40,ff:ff:10:d5:6f:2f,0,2044
2024-08-19 17:05:21,TAG,000e,-46,ff:ff:10:d5:6f:2f,0,2139
2024-08-19 17:05:21,HEARTBEAT,0010,,,0,1513
2024-08-19 17:05:22,TAG,0010,-27,ff:ff:10:d5:4d:85,0,1514
2024-08-19 17:05:22,TAG,000e,-43,ff:ff:10:d5:4d:85,0,2140
2024-08-19 17:05:22,TAG,000d,-48,ff:ff:10:d5:4d:85,0,2045
2024-08-19 17:05:22,TAG,0010,-48,ff:ff:10:d5:6f:2f,0,1515
2024-08-19 17:05:23,TAG,000e,-42,ff:ff:10:d5:6f:2f,0,2141
2024-08-19 17:05:23,TAG,000d,-39,ff:ff:10:d5:6f:2f,0,2046
2024-08-19 17:05:24,TAG,0010,-27,ff:ff:10:d5:4d:85,0,1516
2024-08-19 17:05:24,TAG,000e,-52,ff:ff:10:d5:4d:85,0,2142
2024-08-19 17:05:24,TAG,000d,-45,ff:ff:10:d5:4d:85,0,2047
2024-08-19 17:05:24,HEARTBEAT,0010,,,0,1517
2024-08-19 17:05:25,TAG,0010,-47,ff:ff:10:d5:6f:2f,0,1518
2024-08-19 17:05:25,TAG,000d,-37,ff:ff:10:d5:6f:2f,0,2048
2024-08-19 17:05:25,TAG,0010,-28,ff:ff:10:d5:4d:85,0,1519
2024-08-19 17:05:26,TAG,000d,-45,ff:ff:10:d5:4d:85,0,2049
2024-08-19 17:05:26,TAG,000e,-43,ff:ff:10:d5:4d:85,0,2143
2024-08-19 17:05:27,HEARTBEAT,0010,,,0,1520
2024-08-19 17:05:28,TAG,0010,-28,ff:ff:10:d5:4d:85,0,1521
2024-08-19 17:05:28,TAG,000e,-45,ff:ff:10:d5:4d:85,0,2144
2024-08-19 17:05:28,TAG,000d,-47,ff:ff:10:d5:4d:85,0,2050
2024-08-19 17:05:30,TAG,0010,-27,ff:ff:10:d5:4d:85,0,1522
2024-08-19 17:05:30,TAG,000e,-44,ff:ff:10:d5:4d:85,0,2145
2024-08-19 17:05:30,TAG,000d,-47,ff:ff:10:d5:4d:85,0,2051
2024-08-19 17:05:30,HEARTBEAT,0010,,,0,1523
2024-08-19 17:05:31,TAG,0010,-42,ff:ff:10:d5:6f:2f,0,1524
2024-08-19 17:05:31,TAG,000e,-43,ff:ff:10:d5:6f:2f,0,2146
2024-08-19 17:05:31,TAG,000d,-37,ff:ff:10:d5:6f:2f,0,2052
2024-08-19 17:05:31,TAG,0010,-28,ff:ff:10:d5:4d:85,0,1525
2024-08-19 17:05:32,TAG,000e,-53,ff:ff:10:d5:4d:85,0,2147
2024-08-19 17:05:32,TAG,000d,-45,ff:ff:10:d5:4d:85,0,2053
2024-08-19 17:05:32,TAG,0010,-47,ff:ff:10:d5:6f:2f,0,1526
2024-08-19 17:05:33,HEARTBEAT,0010,,,0,1527
2024-08-19 17:05:34,TAG,0010,-27,ff:ff:10:d5:4d:85,0,1528
2024-08-19 17:05:34,TAG,000d,-44,ff:ff:10:d5:4d:85,0,2054
2024-08-19 17:05:34,TAG,000e,-44,ff:ff:10:d5:4d:85,0,2148
2024-08-19 17:05:35,TAG,0010,-44,ff:ff:10:d5:6f:2f,0,1529
2024-08-19 17:05:35,TAG,000d,-38,ff:ff:10:d5:6f:2f,0,2055
2024-08-19 17:05:36,TAG,0010,-28,ff:ff:10:d5:4d:85,0,1530
2024-08-19 17:05:36,TAG,000e,-45,ff:ff:10:d5:4d:85,0,2149
2024-08-19 17:05:36,TAG,000d,-48,ff:ff:10:d5:4d:85,0,2056
2024-08-19 17:05:36,HEARTBEAT,0010,,,0,1531
2024-08-19 17:05:37,TAG,0010,-42,ff:ff:10:d5:6f:2f,0,1532
2024-08-19 17:05:37,TAG,000e,-43,ff:ff:10:d5:6f:2f,0,2150
2024-08-19 17:05:37,TAG,000d,-40,ff:ff:10:d5:6f:2f,0,2057
2024-08-19 17:05:37,TAG,0010,-27,ff:ff:10:d5:4d:85,0,1533
2024-08-19 17:05:38,TAG,000d,-44,ff:ff:10:d5:4d:85,0,2058
2024-08-19 17:05:38,TAG,000e,-54,ff:ff:10:d5:4d:85,0,2151
2024-08-19 17:05:38,TAG,0010,-42,ff:ff:10:d5:6f:2f,0,1534
2024-08-19 17:05:39,TAG,000d,-37,ff:ff:10:d5:6f:2f,0,2059
2024-08-19 17:05:39,TAG,000e,-48,ff:ff:10:d5:6f:2f,0,2152
2024-08-19 17:05:40,HEARTBEAT,0010,,,0,1535
2024-08-19 17:05:40,TAG,0010,-28,ff:ff:10:d5:4d:85,0,1536
2024-08-19 17:05:40,TAG,000d,-45,ff:ff:10:d5:4d:85,0,2060
2024-08-19 17:05:40,TAG,000e,-43,ff:ff:10:d5:4d:85,0,2153
2024-08-19 17:05:41,TAG,0010,-47,ff:ff:10:d5:6f:2f,0,1537
2024-08-19 17:05:41,TAG,000e,-45,ff:ff:10:d5:6f:2f,0,2154
2024-08-19 17:05:41,TAG,000d,-38,ff:ff:10:d5:6f:2f,0,2061
2024-08-19 17:05:42,TAG,0010,-28,ff:ff:10:d5:4d:85,0,1538
2024-08-19 17:05:42,TAG,000e,-43,ff:ff:10:d5:4d:85,0,2155
2024-08-19 17:05:42,TAG,000d,-44,ff:ff:10:d5:4d:85,0,2062
2024-08-19 17:05:42,HEARTBEAT,0010,,,0,1539
2024-08-19 17:05:43,TAG,0010,-41,ff:ff:10:d5:6f:2f,0,1540
2024-08-19 17:05:43,TAG,000e,-43,ff:ff:10:d5:6f:2f,0,2156
2024-08-19 17:05:43,TAG,0010,-28,ff:ff:10:d5:4d:85,0,1541
2024-08-19 17:05:44,TAG,000e,-44,ff:ff:10:d5:4d:85,0,2157
2024-08-19 17:05:44,TAG,000d,-45,ff:ff:10:d5:4d:85,0,2063
2024-08-19 17:05:44,TAG,0010,-48,ff:ff:10:d5:6f:2f,0,1542
2024-08-19 17:05:45,TAG,000e,-42,ff:ff:10:d5:6f:2f,0,2158
2024-08-19 17:05:45,TAG,000d,-39,ff:ff:10:d5:6f:2f,0,2064
2024-08-19 17:05:46,HEARTBEAT,0010,,,0,1543
2024-08-19 17:05:46,TAG,0010,-28,ff:ff:10:d5:4d:85,0,1544
2024-08-19 17:05:46,TAG,000d,-47,ff:ff:10:d5:4d:85,0,2065
2024-08-19 17:05:46,TAG,000e,-53,ff:ff:10:d5:4d:85,0,2159
2024-08-19 17:05:47,TAG,0010,-47,ff:ff:10:d5:6f:2f,0,1545
2024-08-19 17:05:47,TAG,000d,-37,ff:ff:10:d5:6f:2f,0,2066
2024-08-19 17:05:47,TAG,000e,-40,ff:ff:10:d5:6f:2f,0,2160
2024-08-19 17:05:48,TAG,0010,-28,ff:ff:10:d5:4d:85,0,1546
2024-08-19 17:05:48,TAG,000e,-44,ff:ff:10:d5:4d:85,0,2161
2024-08-19 17:05:48,TAG,000d,-44,ff:ff:10:d5:4d:85,0,2067
2024-08-19 17:05:48,TAG,0010,-47,ff:ff:10:d5:6f:2f,0,1547
2024-08-19 17:05:49,HEARTBEAT,0010,,,0,1547
2024-08-19 17:05:49,TAG,000e,-43,ff:ff:10:d5:6f:2f,0,2162
2024-08-19 17:05:49,TAG,000d,-37,ff:ff:10:d5:6f:2f,0,2068
2024-08-19 17:05:49,TAG,0010,-28,ff:ff:10:d5:4d:85,0,1549
2024-08-19 17:05:50,TAG,000d,-45,ff:ff:10:d5:4d:85,0,2069
2024-08-19 17:05:50,TAG,000e,-44,ff:ff:10:d5:4d:85,0,2163
2024-08-19 17:05:50,TAG,0010,-42,ff:ff:10:d5:6f:2f,0,1550
2024-08-19 17:05:51,TAG,000d,-38,ff:ff:10:d5:6f:2f,0,2070
2024-08-19 17:05:52,HEARTBEAT,0010,,,0,1551
2024-08-19 17:05:52,TAG,000e,-42,ff:ff:10:d5:4d:85,0,2164
2024-08-19 17:05:52,TAG,0010,-42,ff:ff:10:d5:6f:2f,0,1552
2024-08-19 17:05:53,TAG,000d,-39,ff:ff:10:d5:6f:2f,0,2071
2024-08-19 17:05:53,TAG,000e,-44,ff:ff:10:d5:4d:85,0,2165
2024-08-19 17:05:54,TAG,000e,-43,ff:ff:10:d5:6f:2f,0,2166
2024-08-19 17:05:54,TAG,0010,-28,ff:ff:10:d5:4d:85,0,1553
2024-08-19 17:05:54,TAG,000d,-48,ff:ff:10:d5:4d:85,0,2072
2024-08-19 17:05:55,TAG,0010,-47,ff:ff:10:d5:6f:2f,0,1554
2024-08-19 17:05:55,HEARTBEAT,0010,,,0,1555
2024-08-19 17:05:55,TAG,000e,-43,ff:ff:10:d5:4d:85,0,2167
2024-08-19 17:05:55,TAG,000d,-40,ff:ff:10:d5:6f:2f,0,2073
2024-08-19 17:05:56,TAG,000e,-43,ff:ff:10:d5:6f:2f,0,2168
2024-08-19 17:05:56,TAG,0010,-28,ff:ff:10:d5:4d:85,0,1556
2024-08-19 17:05:56,TAG,000d,-44,ff:ff:10:d5:4d:85,0,2074
2024-08-19 17:05:57,TAG,0010,-47,ff:ff:10:d5:6f:2f,0,1557
2024-08-19 17:05:57,TAG,000e,-43,ff:ff:10:d5:4d:85,0,2169
2024-08-19 17:05:57,TAG,000e,-43,ff:ff:10:d5:6f:2f,0,2170
2024-08-19 17:05:58,HEARTBEAT,0010,,,0,1558
2024-08-19 17:05:58,TAG,0010,-27,ff:ff:10:d5:4d:85,0,1559
2024-08-19 17:05:58,TAG,000d,-44,ff:ff:10:d5:4d:85,0,2075
2024-08-19 17:05:59,TAG,000e,-54,ff:ff:10:d5:4d:85,0,2171
2024-08-19 17:05:59,TAG,000d,-38,ff:ff:10:d5:6f:2f,0,2076
2024-08-19 17:06:00,TAG,000e,-38,ff:ff:10:d5:6f:2f,0,2172
2024-08-19 17:06:00,TAG,0010,-28,ff:ff:10:d5:4d:85,0,1560
2024-08-19 17:06:00,TAG,000d,-45,ff:ff:10:d5:4d:85,0,2077
2024-08-19 17:06:01,TAG,000e,-43,ff:ff:10:d5:4d:85,0,2173
2024-08-19 17:06:01,TAG,0010,-43,ff:ff:10:d5:6f:2f,0,1561
2024-08-19 17:06:01,HEARTBEAT,0010,,,0,1562
2024-08-19 17:06:02,TAG,000d,-38,ff:ff:10:d5:6f:2f,0,2078
2024-08-19 17:06:02,TAG,000e,-43,ff:ff:10:d5:6f:2f,0,2174
2024-08-19 17:06:02,TAG,0010,-28,ff:ff:10:d5:4d:85,0,1563
2024-08-19 17:06:03,TAG,000d,-48,ff:ff:10:d5:4d:85,0,2079
2024-08-19 17:06:03,TAG,000e,-43,ff:ff:10:d5:4d:85,0,2175
2024-08-19 17:06:04,TAG,000d,-39,ff:ff:10:d5:6f:2f,0,2080
2024-08-19 17:06:04,TAG,000e,-42,ff:ff:10:d5:6f:2f,0,2176
2024-08-19 17:06:04,HEARTBEAT,0010,,,0,1564
2024-08-19 17:06:05,TAG,0010,-27,ff:ff:10:d5:4d:85,0,1565
2024-08-19 17:06:05,TAG,000d,-47,ff:ff:10:d5:4d:85,0,2081
2024-08-19 17:06:05,TAG,000e,-43,ff:ff:10:d5:4d:85,0,2177
2024-08-19 17:06:06,TAG,0010,-42,ff:ff:10:d5:6f:2f,0,1566
2024-08-19 17:06:06,TAG,000d,-37,ff:ff:10:d5:6f:2f,0,2082
2024-08-19 17:06:06,TAG,000e,-43,ff:ff:10:d5:6f:2f,0,2178
2024-08-19 17:06:07,TAG,0010,-27,ff:ff:10:d5:4d:85,0,1567
2024-08-19 17:06:07,TAG,000d,-45,ff:ff:10:d5:4d:85,0,2083
2024-08-19 17:06:07,TAG,000e,-54,ff:ff:10:d5:4d:85,0,2179
2024-08-19 17:06:08,TAG,0010,-46,ff:ff:10:d5:6f:2f,0,1568
2024-08-19 17:06:08,HEARTBEAT,0010,,,0,1569
2024-08-19 17:06:08,TAG,000d,-38,ff:ff:10:d5:6f:2f,0,2084
2024-08-19 17:06:08,TAG,000e,-42,ff:ff:10:d5:6f:2f,0,2180
2024-08-19 17:06:09,TAG,0010,-28,ff:ff:10:d5:4d:85,0,1570
2024-08-19 17:06:09,TAG,000d,-44,ff:ff:10:d5:4d:85,0,2085
2024-08-19 17:06:09,TAG,000e,-37,ff:ff:10:d5:4d:85,0,2181
2024-08-19 17:06:10,TAG,0010,-47,ff:ff:10:d5:6f:2f,0,1571
2024-08-19 17:06:10,TAG,000d,-37,ff:ff:10:d5:6f:2f,0,2086
2024-08-19 17:06:10,TAG,000e,-45,ff:ff:10:d5:4d:85,0,2182
2024-08-19 17:06:10,TAG,000e,-42,ff:ff:10:d5:6f:2f,0,2183
2024-08-19 17:06:11,HEARTBEAT,0010,,,0,1572
2024-08-19 17:06:11,TAG,0010,-28,ff:ff:10:d5:4d:85,0,1572
2024-08-19 17:06:11,TAG,000d,-45,ff:ff:10:d5:4d:85,0,2087
2024-08-19 17:06:12,TAG,0010,-47,ff:ff:10:d5:6f:2f,0,1574
2024-08-19 17:06:12,TAG,000e,-42,ff:ff:10:d5:6f:2f,0,2184
2024-08-19 17:06:12,TAG,0010,-27,ff:ff:10:d5:4d:85,0,1575
2024-08-19 17:06:12,TAG,000e,-48,ff:ff:10:d5:4d:85,0,2185
2024-08-19 17:06:12,TAG,000d,-47,ff:ff:10:d5:4d:85,0,2088
2024-08-19 17:06:13,HEARTBEAT,0010,,,0,1576
2024-08-19 17:06:13,TAG,0010,-28,ff:ff:10:d5:4d:85,0,1577
2024-08-19 17:06:14,TAG,000d,-44,ff:ff:10:d5:4d:85,0,2089
2024-08-19 17:06:14,TAG,000e,-44,ff:ff:10:d5:4d:85,0,2186
2024-08-19 17:06:15,TAG,0010,-48,ff:ff:10:d5:6f:2f,0,1578
2024-08-19 17:06:15,TAG,000d,-37,ff:ff:10:d5:6f:2f,0,2090
2024-08-19 17:06:15,TAG,000e,-41,ff:ff:10:d5:6f:2f,0,2187
2024-08-19 17:06:16,TAG,0010,-28,ff:ff:10:d5:4d:85,0,1579
2024-08-19 17:06:16,HEARTBEAT,0010,,,0,1580
2024-08-19 17:06:16,TAG,000e,-44,ff:ff:10:d5:4d:85,0,2188
2024-08-19 17:06:16,TAG,000d,-45,ff:ff:10:d5:4d:85,0,2091
2024-08-19 17:06:17,TAG,0010,-43,ff:ff:10:d5:6f:2f,0,1581
2024-08-19 17:06:17,TAG,000e,-42,ff:ff:10:d5:6f:2f,0,2189
2024-08-19 17:06:17,TAG,000d,-38,ff:ff:10:d5:6f:2f,0,2092
2024-08-19 17:06:17,TAG,0010,-27,ff:ff:10:d5:4d:85,0,1582
2024-08-19 17:06:18,TAG,000d,-47,ff:ff:10:d5:4d:85,0,2093
2024-08-19 17:06:18,TAG,000e,-44,ff:ff:10:d5:4d:85,0,2190
2024-08-19 17:06:19,TAG,0010,-42,ff:ff:10:d5:6f:2f,0,1583
2024-08-19 17:06:19,TAG,000e,-43,ff:ff:10:d5:6f:2f,0,2191
2024-08-19 17:06:19,TAG,000d,-38,ff:ff:10:d5:6f:2f,0,2094
2024-08-19 17:06:19,HEARTBEAT,0010,,,0,1584
2024-08-19 17:06:19,TAG,0010,-28,ff:ff:10:d5:4d:85,0,1585
2024-08-19 17:06:20,TAG,000d,-47,ff:ff:10:d5:4d:85,0,2095
2024-08-19 17:06:20,TAG,000e,-43,ff:ff:10:d5:4d:85,0,2192
2024-08-19 17:06:20,TAG,0010,-42,ff:ff:10:d5:6f:2f,0,1586
2024-08-19 17:06:21,TAG,000d,-39,ff:ff:10:d5:6f:2f,0,2096
2024-08-19 17:06:21,TAG,000e,-48,ff:ff:10:d5:6f:2f,0,2193
2024-08-19 17:06:22,TAG,0010,-28,ff:ff:10:d5:4d:85,0,1587
2024-08-19 17:06:22,TAG,000d,-44,ff:ff:10:d5:4d:85,0,2097
2024-08-19 17:06:22,TAG,000e,-45,ff:ff:10:d5:4d:85,0,2194
2024-08-19 17:06:22,HEARTBEAT,0010,,,0,1588
2024-08-19 17:06:23,TAG,0010,-47,ff:ff:10:d5:6f:2f,0,1589
2024-08-19 17:06:23,TAG,000e,-45,ff:ff:10:d5:6f:2f,0,2195
2024-08-19 17:06:23,TAG,000d,-38,ff:ff:10:d5:6f:2f,0,2098
2024-08-19 17:06:23,TAG,0010,-28,ff:ff:10:d5:4d:85,0,1590
2024-08-19 17:06:24,TAG,000d,-45,ff:ff:10:d5:4d:85,0,2099
2024-08-19 17:06:24,TAG,000e,-45,ff:ff:10:d5:4d:85,0,2196
2024-08-19 17:06:25,TAG,0010,-43,ff:ff:10:d5:6f:2f,0,1591
2024-08-19 17:06:25,TAG,000d,-37,ff:ff:10:d5:6f:2f,0,2100
2024-08-19 17:06:25,TAG,000e,-43,ff:ff:10:d5:6f:2f,0,2197
2024-08-19 17:06:25,HEARTBEAT,0010,,,0,1592
2024-08-19 17:06:26,TAG,0010,-27,ff:ff:10:d5:4d:85,0,1593
2024-08-19 17:06:26,TAG,000e,-51,ff:ff:10:d5:4d:85,0,2198
2024-08-19 17:06:26,TAG,000d,-47,ff:ff:10:d5:4d:85,0,2101
2024-08-19 17:06:27,TAG,0010,-42,ff:ff:10:d5:6f:2f,0,1594
2024-08-19 17:06:27,TAG,000d,-38,ff:ff:10:d5:6f:2f,0,2102
2024-08-19 17:06:27,TAG,000e,-42,ff:ff:10:d5:6f:2f,0,2199
2024-08-19 17:06:28,TAG,0010,-28,ff:ff:10:d5:4d:85,0,1595
2024-08-19 17:06:28,TAG,000e,-48,ff:ff:10:d5:4d:85,0,2200
2024-08-19 17:06:28,TAG,000d,-49,ff:ff:10:d5:4d:85,0,2103
2024-08-19 17:06:29,HEARTBEAT,0010,,,0,1596
2024-08-19 17:06:29,TAG,000d,-39,ff:ff:10:d5:6f:2f,0,2104
2024-08-19 17:06:29,TAG,000e,-43,ff:ff:10:d5:6f:2f,0,2201
2024-08-19 17:06:30,TAG,0010,-27,ff:ff:10:d5:4d:85,0,1597
2024-08-19 17:06:30,TAG,000d,-48,ff:ff:10:d5:4d:85,0,2105
2024-08-19 17:06:30,TAG,000e,-46,ff:ff:10:d5:4d:85,0,2202
2024-08-19 17:06:31,TAG,0010,-46,ff:ff:10:d5:6f:2f,0,1598
2024-08-19 17:06:31,TAG,000e,-41,ff:ff:10:d5:6f:2f,0,2203
